numero_emenda;exercicio;subacao;unidade_gestora;credor;valor_empenhado;obs
493;2019;"EH4D - EMENDA PARLAMENTAR NO.493/2019";"PROCURADORIA GERAL DA JUSTIÇA";"PF88888020 - DIARIAS DE SERVIDOR";8962.28;"SEI 25375/2023-89 -EMPENHO ESTIMATIVO DE DIÁRIAS  ( COM RECURSO DE EMENDA PARLAMENTAR) CONFORME DESPACHO Nº 678/2023 DEMTC.  COG: 2023.0843.522.04"
704;2019;"EHWD - EMENDA PARLAMENTAR NO.704/2019";"SECRETARIA DE EDUCAÇÃO";"11542750000101 - TROPICOS ENGENHARIA E COMERCIO LTDA";0;"DESPESA REFERENTE AO SALDO DA EMENDA PARLAMENTAR Nº 704/2020 DO CONTRATO Nº 052/2020-SEE, CONFORME SEI Nº 1400003004.000151/2022-17."
726;2021;"EHWZ - EMENDA PARLAMENTAR NO.726/2019";"SECRETARIA DE EDUCAÇÃO";"12658530000100 - FUNDACAO TERRA";0;"FORMALIZAÇÃO DE TERMO DE FOMENTO COM A FUNDAÇÃO TERRA PARA EXECUÇÃO DO TERRA QUE EDUCA. ATRAVÉS DA EMENDA PARLAMENTAR Nº 445 - ROMÁRIO DIAS. SEI 1400004688.000155/2023-54"
836;2021;"EJ78 - EMENDA PARLAMENTAR NO.836/2021";"SECRETARIA DE CULTURA DO ESTADO DE PERNAMBUCO";"05699639000120 - CENTRO EDUCACIONAL E CULTURAL CARANGUEJO TABAIARES";0;"REALIZAÇÃO DE OFICINAS DE ARTE E INCLUSÃO, QUE PROPÕEM UMA IMERSÃO CRIATIVA NO UNIVERSO DE ARTISTAS VISUAIS E DE PRODUÇÕES AUDIOVISUAIS BRASILEIRAS. EMENDA PARLAMENTAR Nº 836/2021. SEI 2000000001.006334/2022-17."
0136;2022;"EJS4 - EMENDA PARLAMENTAR NO.136/2022";"SECRETARIA DE CULTURA DO ESTADO DE PERNAMBUCO";"14822583000140 - INSTITUTO PAPIRO: PESQUISA ANTROPOLOGICA E SOCIAL";20000;"EMENDA PARLAMENTAR N° 0136/2022, P/REALIZAÇÃO DO PROJETO ""AQUISIÇÃO DE MOBILIÁRIO E EQUIPAMENTOS DESTINADOS AO TRABALHO DO INSTITUTO PAPIRO"". SEI 2000000054.001212/2023-08."
138;2022;"EJLQ - EMENDA DERIVADA 6024/2022";"FUNDO ESTADUAL DE SAÚDE";"11434981000100 - FUNDO MUNICIPAL DE SAUDE DE OURICURI";0;"2300000029.003994/2022-90, OF. 025/2022, SOF.247/2022-SES/NUGEP, PLANO DE TRABALHO (31565617), EMENDA PARLAMENTAR Nº 138/22, PARA AQUISIÇÃO DE MEDICAMENTOS E INSUMOS FARMACÊUTICOS, PARA ATENDER AS REDE MUNICIPAL DE SAÚDE DO MUNICÍPIO DE OURICURI-PE"
0150;2022;"EJSI - EMENDA PARLAMENTAR NO.150/2022";"SECRETARIA DE CULTURA DO ESTADO DE PERNAMBUCO";"07553412000106 - INSTITUTO INTERCIDADANIA";110000;"EMENDA PARLAMENTAR Nº 0150/2022, OBJETO: AQUISI^AO DE EQUIPAMENTOS E MOBILIARIO PARA FUNCIONAMENTO DO ESPA^O DE FORMAGAO CULTURAL DO INSTITUTE. SEI 2000000054.001141/2023-35."
249;2022;"EKIO - EMENDA DERIVADA 9028/2023";"FUNDO ESTADUAL DE SAÚDE";"10667814000138 - FUNDACAO ALTINO VENTURA";120000;"2300000029.006265/2023-76. OFÍCIO Nº 93/2023. SOF  329/2023 - SES - NUGEP. EMENDA PARLAMENTAR Nº 249/2022 REFERENTE A AQUISIÇÃO DE MATERIAIS MÉDICOS DE CONSUMO PARA PRESTAÇÃO DE SERVIÇOS MÉDICOS OFTALMOLÓGICOS."
270;2022;"EJ98 - EMENDA DERIVADA 1007/2022";"FUNDO ESTADUAL DE SAÚDE";"11356210000133 - FUNDO MUNICIPAL DE SAUDE DO SIRINHAEM";0;"2300000029.001258/2022-05, OF.119/2022, SOF.69/2022-SES/NUGEP,  EMENDA PARLAMENTAR Nº 270/22 DESTINADA À AQUISIÇÃO DE EQUIPAMENTOS PARA O MUNICIPIO DE SIRINHAEM"
335;2022;"EITB - EMENDA DERIVADA 3073/2022";"SECRETARIA DE MEIO AMBIENTE, SUSTENTABILIDADE E DE FERNANDO DE NORONHA";"11735586000159 - FUNDACAO DE APOIO AO DESENVOLVIMENTO DA UNIVERSIDADE FEDERAL DE PERNAMBUCO";90000;"VALOR QUE SE EMPENHA PARA ATENDER AO DESPACHO 3184 (GGPG), REFERENTE A TRANSFERENCIA DE RECURSOS DA EMENDA PARLAMENTAR 307232022, DOC INTEGRANTE DO SEI Nº 3600007964.000030/2022-29"
0367;2022;"EIU7 - EMENDA PARLAMENTAR NO.367/2021";"FUNDO ESTADUAL DE SAÚDE";"11196515000125 - FUNDO MUNICIPAL DE SAUDE DE SANTA CRUZ DO CAPIBARIBE";0;"2300000029.002324/2022-56, OFICIO GP Nº 289/2022, SOF.151/2022-SES/NUGEP, PLANO DE TRABALHO (28168329), OBJETO: AQUISIÇÃO DE 01 AMBULANCIA PARA O MUNICIPIO, CONFORME EMENDA PARLAMENTAR Nº 0367-2021"
369;2022;"EJLH - EMENDA DERIVADA 6027/2022";"FUNDO ESTADUAL DE SAÚDE";"11683042000190 - UBTM - HOSPITAL E MATERNIDADE ARMINDO MOURA";0;"2300000029.002683/2022-11, OFÍCIO Nº 0085/2022- UBTM , SOF.164/2022-SES/NUGEP, PLANO DE TRABALHO (27302278), REF.AOS PROCEDIMENTOS DE (MAC), PELO HOSPITAL E MATERNIDADE ARMINDO MOURA, CONFORME EMENDA PARLAMENTAR Nº 369/2022"
0389;2022;"EJZ5 - EMENDA PARLAMENTAR NO.389/2022";"SECRETARIA DE CULTURA DO ESTADO DE PERNAMBUCO";"18054184000138 - ALPHA SOCIAL DE PERNAMBUCO";40000;"EMENDA PARLAMENTAR N° 0389/2022, P/REALIZAÇÃO DO PROJETO ""CURSO DE CAPACITAÇÃO PARA PRODUTORES CULTURAIS"" CONFORME SEI 2000000054.001213/2023-44."
425;2022;"EJGX - EMENDA DERIVADA 8000/2022";"FUNDO ESTADUAL DE SAÚDE";"11431858000127 - FUNDO MUNICIPAL DE SAUDE DE CARNAIBA";0;"2300000029.003144/2022-91, OF.108/22, SOF.197/2022-SES/NUGEP, PLANO DE TRABALHO (30269607), EMENDA PARLAMENTAR Nº 425/2022"
438;2022;"EJNB - EMENDA DERIVADA 8058/2022";"FUNDO ESTADUAL DE SAÚDE";"11371082000105 - FUNDO MUNICIPAL DE SAUDE DE CARUARU";0;"2300000029.003530/2022-83. SOF  205/2022 - SES - NUGEP. EMENDA PARLAMENTAR Nº 438/22 OBJETIVANDO A AQUISIÇÃO DE VEÍCULOS TIPO VAN PARA O TRANSPORTE INTRAMUNICIPAL DE PACIENTES EM TRATAMENTO NO MUNICÍPIO DE CARUARU/PE"
439;2022;"EJI4 - EMENDA DERIVADA 6013/2022";"FUNDO ESTADUAL DE SAÚDE";"35673300000116 - LIGA NORDESTINA DE ASSITENCIA EDUCACAO E SAUDE";0;"2300000029.001870/2022-70, OF.93/2022, SOF.131/2022-SES/NUGEP, PLANO DE TRABALHO (28892992), EMENDA PARLAMENTAR Nº 439/2022 DESTINADA P/ AQUISIÇÃO DE MEDICAMENTOS E INSUMOS FARMACÊUTICOS PARA O HOSPITAL MEMORIAL ALZIRA RIBEIRO"
452;2022;"EKFI - EMENDA DERIVADA 7009/2023";"SECRETARIA ESPECIAL DA MULHER";"10408839000117 - PAULISTA PREFEITURA";200000;"EMPENHO DESTINA-SE A ATENDER TRANSFERÊNCIA VOLUNTÁRIA AO MUNICÍPIO DE PAULISTA ORIUNDO DE EMENDA PARLAMENTAR Nº452/2022 A SER EXECUTADA PELA SECRETARIA EXECUTIVA DA MULHER DO PAULISTA  SEI: 4400000060.000633/2023-10"
499;2022;"EJH4 - EMENDA DERIVADA 4093/2022";"FUNDO ESTADUAL DE SAÚDE";"10667814000138 - FUNDACAO ALTINO VENTURA";0;"2300000029.001933/2022-98. OFÍCIO 21/22. SOF 116/2022  SES - NUGEP. EMENDA PARLAMENTAR Nº 499/22 REF. A AQUISIÇÃO DE MATERIAIS MÉDICOS DE CONSUMO PARA PRESTAÇÃO DE SERVIÇOS MÉDICOS OFTALMOLÓGICOS EM PACIENTES DO SUS NO ESTADO DE PERNAMBUCO."
0547;2022;"EIZ7 - EMENDA PARLAMENTAR NO.547/2021";"FUNDO ESTADUAL DE SAÚDE";"06242368000142 - FUNDO MUNICIPAL DE SAUDE DE BREJINHO";0;"2300000029.002988/2022-15. OFÍCIO GP Nº 098/2022. SOF  182/2022 - SES - NUGEP. EMENDA PARLAMENTAR Nº 0547/22 OBJETIVANDO A AQUISIÇÃO DE 01 (UMA) AMBULÂNCIA"
0579;2022;"EJ03 - EMENDA DERIVADA 5101/2022";"FUNDO ESTADUAL DE SAÚDE";"11196515000125 - FUNDO MUNICIPAL DE SAUDE DE SANTA CRUZ DO CAPIBARIBE";0;"2300000029.002486/2022-94, OF.288/22, SOF.178/22-SES/NUGEP, PLANO DE TRABALHO (30569622), OBJETO: AQUISIÇÃO DE 01 AMBULANCIA PARA O MUNICIPIO, CONFORME EMENDA PARLAMENTAR Nº 0579/2022"
603;2022;"EJ94 - EMENDA DERIVADA 1014/2022";"FUNDO ESTADUAL DE SAÚDE";"01206707000111 - ASSOCIACAO DOS PORTADORES DE DEFICIENCIA DE CARUARU";0;"2300000029.001287/2022-69,  OFICIO Nº 008/2022, SOF 77/2022-SES/NUGEP, OBJETO: AQUISIÇÃO DE VEICULO PARA TRANSPORTE DE USUÁRIOS DA APODEC, CONFORME EMENDA PARLAMENTAR Nº 603/2022"
643;2022;"EJL7 - EMENDA DERIVADA 8076/2022";"FUNDO ESTADUAL DE SAÚDE";"04712650000110 - INSTITUTO ESPERANCA DE BENEFICENCIA EM SAUDE DE PERNAMBUCO";0;"2300000029.003357/2022-13, OF.120/22, SOF.201/2022-SES/NUGEP, PLANO DE TRABALHO (28852284), EMENDA PARLAMENTAR Nº 643/22, DESTINADA PARA AÇÕES FILANTRÓPICAS NA PRESTAÇÃO DE SERVIÇOS À SAÚDE DA POPULAÇÃO PERNAMBUCANA."
781;2022;"EJ5P - EMENDA DERIVADA 8070/2022";"FUNDO ESTADUAL DE SAÚDE";"41229113000140 - GESTOS SOROPOSITIVIDADE COMUNICACAO E GENERO";0;"2300000029.002314/2022-11, OF.15/22, SOF.208/2022-SES/NUGEP, PLANO DE TRABALHO (30857642), EMENDA PARLAMENTAR Nº 781/22, DESTINADA PARA ATENDIMENTO PSICOSSOCIAL DE PESSOAS ACOMETIDA COM HIV AIDS NO ESTADO DE PE."
1024;2022;"EJ9L - EMENDA DERIVADA 1024/2022";"SECRETARIA DE CULTURA DO ESTADO DE PERNAMBUCO";"36122645000144 - CENTRO DE ATIVIDADES CELEIRO DE IDEIAS - CACI";0;"REALIZAÇÃO DO PROJETO DANÇA POPULAR PARA TODOS, QUE TEM O OBJETIVO DE PROMOVER A CULTURA PERNAMBUCANA, ATRAVÉS DE OFICINAS E AULAS NA RMR. EMENDA PARLAMENTAR Nº 1024/2022. SEI 2000000001.006084/2022-15."
2103;2022;"EJDV - EMENDA DERIVADA 2103/2022";"SECRETARIA DE CULTURA DO ESTADO DE PERNAMBUCO";"30956784000197 - ACADEMIA BRASILEIRA DE CIENCIAS CRIMINAIS - ABCCRIM";0;"REALIZAÇÃO DE OFICINAS, SEMINÁRIOS, PALESTRAS, CAPACITAÇÃO COM O OBJETIVO NO DESENVOLVIMENTO SUSTENTÁVEL NA ÁREA CULTURAL, SENDO O PÚBLICO ALVO ESTUDANTES DA REDE ESTADUAL PÚBLICA E PRIVADO EMENDA PARLAMENTAR 2103/2022. SEI 2000000001.003230/2022-51."
6031;2022;"EJLI - EMENDA DERIVADA 6031/2022";"SECRETARIA DE EDUCAÇÃO";"10091569000163 - MUNICIPIO DE SANTA CRUZ DO CAPIBARIBE";180000;"AQUISIÇÃO DE VEÍCULO PARA TRANSPORTE ESCOLAR NO MUNICÍPIO DE SANTA CRUZ DO CAPIBARIBE/PE. EMENDA PARLAMENTAR N° 6031/2022. CONFORME CI N° 02/2023 CTE/GAM. SEI N° 1400003140.000002/2023-74"
6042;2022;"EJLF - EMENDA DERIVADA 6042/2022";"INSTITUTO AGRONOMICO DE PERNAMBUCO";"11049855000123 - PREFEITURA DE VITORIA DE SANTO ANTAO";0;"EP 6042/2022 - OBJETO DE AQUISIÇÃO DE UMA MOTONIVELADORA (PATROL), PARA FORTALECER A AGRICULTURA FAMILIAR DO MUNICÍPIO DE VITÓRIA DE SANTO ANTÃO."
7029;2022;"EJKI - EMENDA DERIVADA 7029/2022";"SECRETARIA DE DESENVOLVIMENTO AGRARIO, AGRICULTURA, PECUARIA E PESCA";"01844555002398 - CNH INDUSTRIAL BRASIL LTDA";0;"VALOR RF A AQUISIÇÃO DE TRATOR - EMENDA PARLAMENTAR Nº7029/2022 - PARA O MUNICÍPIO DE AGUAS BELAS."
13;2023;"ELTG - EMENDA DERIVADA 40013/2024";"COMPANHIA ESTADUAL DE HABITAÇÃO E OBRAS";"09534663000160 - CLUBE DE MAES MARIA BENIGNA - CMMAB";50000;"REF. EMENDA PARLAMENTAR 13/2023 - CONFORME SOLICITADO NO SEI Nº 0060900126.000741/2024-29"
52;2023;"EKCQ - EMENDA DERIVADA 4011/2023";"FUNDO ESTADUAL DE SAÚDE";"11866365000110 - CENTRO HOSPITALAR SANTA MARIA";263300;"2300000029.003053/2023-37. SOF  204/2023 - SES - NUGEP. OF 014/23. EMENDA PARLAMENTAR Nº 52/23 OBJETIVANDO A COMPRA DE INSUMOS PARA REALIZAÇÃO DE PROCEDIMENTTOS DE ALTA E MÉDIA COMPLEXIDADE."
71;2023;"EKJ4 - EMENDA DERIVADA 9023/2023";"FUNDO ESTADUAL DE SAÚDE";"09471844000195 - FUNDO MUNICIPAL DE SAUDE DE JAQUEIRA";233531.84;"2300000029.005947/2023-61, OFÍCIO SMS Nº 102/2023, SOF.314/2023 - SES/NUGEP, PLANO DE TRABALHO: (45089809), NOTA TECNICA (45041644), EMENDA PARLAMENTAR Nº 71/2023, DESTINA-SE A AQUISIÇÃO DE MEDICAMENTOS E INSUMOS FARMACÊUTICOS"
082;2023;"EJQM - EMENDA PARLAMENTAR NO.82/2022";"FUNDO ESTADUAL DE SAÚDE";"11683042000190 - UBTM - HOSPITAL E MATERNIDADE ARMINDO MOURA";80000;"2300000029.000938/2023-84. OFÍCIO Nº 0044/2023- UBTM. SOF  98/2023 - SES NUGEP.  NOTA TÉCNICA DGAIS 58/2023. EMENDA PARLAMENTAR Nº 082/23 OBJETIVANDO A AQUISIÇÃO DE EQUIPAMENTOS PARA SALAS DE CIRURGIA DO HOSPITAL ARMINDO MOURA."
113;2023;"EJRH - EMENDA DERIVADA 1000/2023";"FUNDO ESTADUAL DE SAÚDE";"07621798000138 - INSTITUTO OFTALMOLOGICO CARLOS CARVALHO";100000;"2300000029.001654/2023-13. SOF 333/2023 - SES - NUGEP. EMENDA PARLAMENTAR Nº 113/23 P/ ATENDER O ""PROJETO ENXERGAR: RESTAURAR A VISÃO E A QUALIDADE DE VIDA""."
138;2023;"EJLQ - EMENDA DERIVADA 6024/2022";"FUNDO ESTADUAL DE SAÚDE";"11434981000100 - FUNDO MUNICIPAL DE SAUDE DE OURICURI";0;"2300000029.003994/2022-90, OF. 025/2022, SOF.247/2022-SES/NUGEP, PLANO DE TRABALHO (31565617), EMENDA PARLAMENTAR Nº 138/22, PARA AQUISIÇÃO DE MEDICAMENTOS E INSUMOS FARMACÊUTICOS, PARA ATENDER AS REDE MUNICIPAL DE SAÚDE DO MUNICÍPIO DE OURICURI-PE"
173;2023;"EKI0 - EMENDA DERIVADA 9015/2023";"FUNDO ESTADUAL DE SAÚDE";"10759784000190 - FUNDO MUNICIPAL DE SAUDE DE ALIANCA";195999.51;"2300000029.006270/2023-89, OFICIO GP.216/2023, SOF.330/2023 - SES/NUGEP, PLANO DE TRABALHO (ID: 44984932, NOTA TECNICA (ID: 44668621), EMENDA PARLAMENTAR Nº 173/2023, DESTINADO PARA AQUISIÇÃO DE MEDICAMENTOS AO MUNICÍPIO DE ALIANÇA."
174;2023;"EJT6 - EMENDA DERIVADA 9017/2023";"FUNDO ESTADUAL DE SAÚDE";"12397007000178 - FUNDO MUNICIPAL DE CHA DE ALEGRIA";200000;"2300000029.006593/2023-72. OFÍCIO GP Nº. 176/2023. SOF  346/2023 - SES - NUGEP. EMENDA PARLAMENTAR Nº 174/23 OBJETIVANDO A AQUISIÇÃO DE UMA AMBULÂNCIA."
175;2023;"EJT7 - EMENDA DERIVADA 9018/2023";"FUNDO ESTADUAL DE SAÚDE";"10298546000124 - FUNDO MUNICIPAL DE SAUDE DE CUSTODIA";265000;"2300000029.006360/2023-70. OFÍCIO SMS Nº 0665/2023. SOF  335/2023 - SES - NUGEP. EMENDA PARLAMENTAR Nº 175/2023 OBJETIVANDO A AQUISIÇÃO DE AMBULÂNCIA UTI."
177;2023;"EJT9 - EMENDA DERIVADA 9016/2023";"FUNDO ESTADUAL DE SAÚDE";"11472134000121 - FUNDO MUNICIPAL DE SAUDE DE FEIRA NOVA";250000;"2300000029.006152/2023-71, OFICIO 260/2023, SOF.325/2023-SES/NUGEP, PLANO DE TRABALHO: (45100249), NOTA TECNICA: (44678361), EMENDA PARLAMENTAR Nº 177/2023, DESTINADO PARA AQUISIÇÃO DE MEDICAMENTOS AO MUNICÍPIO DE FEIRA NOVA."
183;2023;"EJTF - EMENDA DERIVADA 9013/2023";"FUNDO ESTADUAL DE SAÚDE";"03061099000120 - FUNDO MUNICIPAL DE SAUDE DE SAO JOAO";200000;"2300000029.006092/2023-96, OFICIO SESAU Nº 134/2023, SOF.320/2023-SES/NUGEP, PLANO DE TRABALHO (45535929), NOTA TECNICA (45221091), EMENDA PARLAMENTAR Nº 183/2023, PARA AQUISIÇÃO DE MEDICAMENTOS AO MUNICÍPIO DE SÃO JOÃO."
184;2023;"EKFH - EMENDA DERIVADA 7004/2023";"FUNDO ESTADUAL DE SAÚDE";"11683042000190 - UBTM - HOSPITAL E MATERNIDADE ARMINDO MOURA";58131.6;"2300000029.004426/2023-97. OFÍCIO Nº 00140/2023- UBTM. SOF  274/2023 - SES - NUGEP. EMENDA PARLAMENTAR Nº 184/23 REFERENTE AO CUSTEIO DE UM MÊS DE SERVIÇOS DE FISIOTERAPEUTAS PLANTONISTAS."
189;2023;"EJTJ - EMENDA DERIVADA 9014/2023";"FUNDO ESTADUAL DE SAÚDE";"09218925000188 - FUNDO MUNICIPAL DE SAUDE DE EXU";150000;"2300000029.006328/2023-94, OFICIO 287/2023, SOF.332/2023 - SES/NUGEP, PLANO DE TRABALHO (ID: 45084710), NOTA TECNICA (ID: 45074454), EMENDA PARLAMENTAR Nº 189/2023, DESTINADO PARA AQUISIÇÃO DE MEDICAMENTOS AO MUNICÍPIO DE EXÚ."
240;2023;"EKHN - EMENDA DERIVADA 8023/2023";"FUNDO ESTADUAL DE SAÚDE";"10869782000153 - IRMANDADE DA SANTA CASA DE MISERICORDIA DO RECIFE";105000;"2300000029.005619/2023-65. OFÍCIO 246/2023. SOF  295/2023 - SES - NUGEP. EMENDA PARLAMENTAR Nº 240/23 REFERENTE A MANUTENÇÃO DA IRMANDADE DA SANTA CASA DE MISERICÓRDIA DO RECIFE/HOSPITAL SANTO AMARO."
243;2023;"EJIS - EMENDA DERIVADA 4006/2022";"FUNDO ESTADUAL DE SAÚDE";"11361854000110 - MUNICIPIO DE FREI MIGUELINHO";0;"2300000029.002549/2022-11, OFICIO GP Nº 187/2022 , SOF.166/2022 - SES/NUGEP, PLANO DE TRABALHO (28075789), CONFORME EMENDA PARLAMENTAR N° 243"
270;2023;"EJ98 - EMENDA DERIVADA 1007/2022";"FUNDO ESTADUAL DE SAÚDE";"11356210000133 - FUNDO MUNICIPAL DE SAUDE DO SIRINHAEM";0;"2300000029.001258/2022-05, OF.119/2022, SOF.69/2022-SES/NUGEP,  EMENDA PARLAMENTAR Nº 270/22 DESTINADA À AQUISIÇÃO DE EQUIPAMENTOS PARA O MUNICIPIO DE SIRINHAEM"
275;2023;"EKJK - EMENDA DERIVADA 9055/2023";"FUNDO ESTADUAL DE SAÚDE";"11209720000188 - FUNDO MUNICIPAL DE SAUDE DE AGUAS BELAS";1500000;"2300000029.005748/2023-53. OFÍCIO N. º 347/2023 GP/PMAB. SOF  307/2023 - SES - NUGEP. EMENDA PARLAMENTAR Nº 275/2023 REF. A AQUISIÇÃO DE MEDICAMENTOS E INSUMOS FARMACÊUTICOS E  LOCAÇÃO DE VEÍDULOS"
305;2023;"EJR8 - EMENDA DERIVADA 9020/2023";"FUNDO ESTADUAL DE SAÚDE";"11691937000177 - CENTRO DE CAPACITACAO E FORMACAO PUBLICA - CEFOP";299060;"2300000029.005683/2023-46, OFICIO Nº 46/2023, SOF.299/2023-SES/NUGEP,NOTA TECNICA: (44100519), PLANO DE TRABALHO  (44613043), EMENDA PARLAMENTAR Nº 305, PARA REALIZAR PROJETO DE MELHORIA A ATENÇÃO INTEGRAL DA POPULAÇÃO DO JABOATÃO DOS GUARARAPES"
315;2023;"EKF9 - EMENDA DERIVADA 6011/2023";"FUNDO ESTADUAL DE SAÚDE";"08560938000178 - FUNDO MUNICIPAL DE SAUDE DE MORENO";100000;"2300000029.005946/2023-17, OFICIO GAB. 118/2023, SOF.313/2023-SES/NUGEP, PLANO DE TRABALHO: 45075832, NOTA TECNICA: (ID: 45095018), EMENDA PARLAMENTAR Nº 315/2023, PARA AQUISIÇÃO DE MEDICAMENTOS E INSUMOS FARMACÊUTICOS."
333;2023;"EKHK - EMENDA DERIVADA 8007/2023";"FUNDO ESTADUAL DE SAÚDE";"10572048002686 - SECRETARIA DE SAUDE";99893.33;"2300000029.003646/2023-01. SOF  163/2023 - SES. OFÍCIO Nº 50/2023 - NUGEP. EMENDA PARLAMENTAR Nº 333/23 OBJETIVANDO EQUIPAGEM DAS RECEPÇÕES ADULTO, PEDIÁTRICA OBSTÉTRICA DO HOSP. FERNANDES SALSA NO MUNICÍPIO DE LIMOEIRO. EMPENHO GERADO SEM VALIDAÇÃO NO SIAFEM."
335;2023;"EKHH - EMENDA DERIVADA 8002/2023";"FUNDO ESTADUAL DE SAÚDE";"69902112000134 - FUNDO MUNICIPAL DE SAUDE DE VERTENTE DO LERIO";129360;"2300000029.005944/2023-28. OFÍCIO N.º 41/2023. SOF  312/2023 - SES - NUGEP. EMENDA PARLAMENTAR Nº 335/23 OBJETIVANDO A AQUISIÇÃO DE UMA AMBULÂNCIA."
341;2023;"EKFR - EMENDA DERIVADA 7010/2023";"FUNDO ESTADUAL DE SAÚDE";"11504633000153 - FUNDO MUNICIPAL DE SAUDE DE TRACUNHAEM";270000;"2300000266.011211/2023-20. OFÍCIO 137/23. SOF  318/2023 - SES - NUGEP. EMENDA PARLAMENTAR Nº 341/23  OBJETIVANDO A AQUISIÇÃO DE UMA VAN PARA O TRANSPORTE DE PACIENTES TFD - TRATAMENTO FORA DO DOMICÍLIO."
361;2023;"EKCG - EMENDA DERIVADA 4043/2023";"FUNDO ESTADUAL DE SAÚDE";"11292383000135 - FUNDO MUNICIPAL DE SAUDE DE SOLIDAO";200000;"2300000029.004051/2023-65. OFÍCIO SNº/2023 (40929733). SOF  254/2023 - SES - NUGEP. EMENDA PARLAMENTAR Nº 361/23 OBJETIVANDO A AQUISIÇÃO DE AMBULÂNCIAS PARA ATENDER A DEMANDAS DE ATENDIMENTO A SAÚDE NO MUNICÍPIO"
363;2023;"EKHF - EMENDA DERIVADA 8046/2023";"FUNDO ESTADUAL DE SAÚDE";"11263257000152 - FUNDO MUNICIPAL DE SAUDE DE JATOBA";295205.19;"2300000029.006401/2023-28. OFÍCIO 352/2023. SOF  340/2023 - SES - NUGEP. EMENDA PARLAMENTAR Nº 363/2023 REF. A AQUISIÇÃO DE INSUMOS MÉDICOS."
0367;2023;"EIU7 - EMENDA PARLAMENTAR NO.367/2021";"FUNDO ESTADUAL DE SAÚDE";"11196515000125 - FUNDO MUNICIPAL DE SAUDE DE SANTA CRUZ DO CAPIBARIBE";0;"2300000029.002324/2022-56, OFICIO GP Nº 289/2022, SOF.151/2022-SES/NUGEP, PLANO DE TRABALHO (28168329), OBJETO: AQUISIÇÃO DE 01 AMBULANCIA PARA O MUNICIPIO, CONFORME EMENDA PARLAMENTAR Nº 0367-2021"
372;2023;"EKH8 - EMENDA DERIVADA 8028/2023";"FUNDO ESTADUAL DE SAÚDE";"02324776000192 - FUNDO MUNICIPAL DE SAUDE BELEM DE SAO FRANCISCO";600000;"2300000029.005615/2023-87. OFÍCIO GP Nº 240/2023. SOF  292/2023 - SES - NUGEP. EMENDA PARLAMENTAR Nº 372/23 REF. A CONSTRUÇÃO DE UNIDADE BÁSICA DE SAÚDE NO POVOADO DE MALHA GRANDE DO MUNICÍPIO DE BELÉM DO SÃO FRANCISCO"
374;2023;"EKH9 - EMENDA DERIVADA 8040/2023";"FUNDO ESTADUAL DE SAÚDE";"11266869000107 - FUNDO MUNICIPAL DE SAUDE DE INAJA";110000;"2300000029.005650/2023-04, OFICIO GAB. 230/2023, SOF.296/2023-SES/NUGEP, PLANO DE TRABALHO: (45100446), NOTA TECNICA: (44024732), EMENDA PARLAMENTAR Nº 374/2023, DESTINADO AQUISIÇÃO DE AMBULÂNCIA - MUNICÍPIO DE INAJÁ PE"
379;2023;"EKGF - EMENDA DERIVADA 8001/2023";"FUNDO ESTADUAL DE SAÚDE";"09111921000104 - FUNDO MUNICIPAL DE SAUDE DE TEREZINHA";200000;"2300000029.005936/2023-81, OFICIO GP.171/2023, SOF.309/2023-SES/NUGEP, PLANO DE TRABALHO Nº (45447852), NOTA TECNICA (45507776), EMENDA PARLAMENTAR Nº 379/2023, AQUISIÇÃO DE MEDICAMENTOS E INSUMOS HOSPITALARES PARA O MUNICIPIO DE TEREZINHA"
420;2023;"EJJB - EMENDA DERIVADA 5082/2022";"FUNDO ESTADUAL DE SAÚDE";"10785318000189 - FUNDO MUNICIPAL DE SAUDE DE SAO BENEDITO DO SUL";0;"2300000029.003099/2022-75. OFÍCIO GAB 077/22. SOF  194/2022 - SES - NUGEP. EMENDA PARLAMENTAR Nº 420/22 OBJETIVANDO A AQUISIÇÃO DE 01 VEÍCULO AMBULÂNCIA TIPO A."
427;2023;"EKIU - EMENDA DERIVADA 9042/2023";"FUNDO ESTADUAL DE SAÚDE";"07868234000102 - FUNDO MUNICIPAL DE SAUDE DE PAUDALHO";250000;"2300000029.006091/2023-41. OFÍCIO Nº 351/2023 - GAB/SMS. SOF  322/2023 - SES - NUGEP. EMENDA PARLAMENTAR Nº 427/23 REF. A AQUISIÇÃO DE MATERIAIS DE CONSUMO PARA AS UNIDADES DE SAÚDE DA ATENÇÃO ESPECIALIZADA DO MUNICÍPIO DE PAUDALHO."
438;2023;"EJNB - EMENDA DERIVADA 8058/2022";"FUNDO ESTADUAL DE SAÚDE";"11371082000105 - FUNDO MUNICIPAL DE SAUDE DE CARUARU";0;"2300000029.003530/2022-83. SOF  205/2022 - SES - NUGEP. EMENDA PARLAMENTAR Nº 438/22 OBJETIVANDO A AQUISIÇÃO DE VEÍCULOS TIPO VAN PARA O TRANSPORTE INTRAMUNICIPAL DE PACIENTES EM TRATAMENTO NO MUNICÍPIO DE CARUARU/PE"
439;2023;"EJOM - EMENDA DERIVADA 9043/2022";"FUNDO ESTADUAL DE SAÚDE";"35667229000169 - FUNDO MUNICIPAL DE SAUDE DE QUIXABA";0;"2300000029.003874/2022-92. OFÍCIO GP N° 087/2022. SOF  231/2022 - SES - NUGEP. EMENDA PARLAMENTAR Nº 439/22 OBJETIVANDO A AQUISIÇÃO DE VEÍCULO TIPO AMBULÂNCIA PARA TRANSPORTE DE PACIENTES DO MUNICÍPIO DE QUIXABÁ/PE."
442;2023;"EKB1 - EMENDA DERIVADA 1012/2023";"FUNDO ESTADUAL DE SAÚDE";"08677960000100 - FUNDO MUNICIPAL DE SAUDE DE TAQUARITINGA DO NORTE";257547.26;"2300000029.001518/2023-15, OFICIO 084/23-SECSAU, SOF.113/2023-SES/NUGEP, PLANO DE TRABALHO 38994206, NOTA TÉCNICA Nº 65/2023/DGAIS/GUE, AQUISIÇÃO DE 2 AMBULÂNCIAS PARA O MUNICÍPIO DE TAQUARITINGA DO NORTE, CONFORME EMENDA PARLAMENTAR Nº 442/2023"
443;2023;"EKAI - EMENDA DERIVADA 1043/2023";"FUNDO ESTADUAL DE SAÚDE";"07621798000138 - INSTITUTO OFTALMOLOGICO CARLOS CARVALHO";400000;"2300000029.001654/2023-13. SOF 134/2023 - SES - NUGEP. EMENDA PARLAMENTAR Nº 443/23 P/ ATENDER O ""PROJETO ENXERGAR: RESTAURAR A VISÃO E A QUALIDADE DE VIDA""."
444;2023;"EKAE - EMENDA DERIVADA 1041/2023";"FUNDO ESTADUAL DE SAÚDE";"07621798000138 - INSTITUTO OFTALMOLOGICO CARLOS CARVALHO";1600000;"2300000029.001654/2023-13. SOF 135/2023 - SES - NUGEP. EMENDA PARLAMENTAR Nº 444/23 P/ ATENDER O ""PROJETO ENXERGAR: RESTAURAR A VISÃO E A QUALIDADE DE VIDA""."
448;2023;"EKDG - EMENDA DERIVADA 7020/2023";"FUNDO ESTADUAL DE SAÚDE";"20511923000115 - REDE FEMININA MUNICIPAL DE COMBATE AO CANCER DE CARPINA";98000;"2300000029.005173/2023-79. OFÍCIO 045/23. SOF  287/2023 - SES - NUGEP. EMENDA PARLAMENTAR Nº 448/23 REF. A AQUISIÇÃO DE APARELHOS COLPOSCÓPIO E ULTRASSOM TRANSVAGINAL."
499;2023;"EJH4 - EMENDA DERIVADA 4093/2022";"FUNDO ESTADUAL DE SAÚDE";"10667814000138 - FUNDACAO ALTINO VENTURA";0;"2300000029.001933/2022-98. OFÍCIO 21/22. SOF 116/2022  SES - NUGEP. EMENDA PARLAMENTAR Nº 499/22 REF. A AQUISIÇÃO DE MATERIAIS MÉDICOS DE CONSUMO PARA PRESTAÇÃO DE SERVIÇOS MÉDICOS OFTALMOLÓGICOS EM PACIENTES DO SUS NO ESTADO DE PERNAMBUCO."
501;2023;"EKAJ - EMENDA DERIVADA 1044/2023";"FUNDO ESTADUAL DE SAÚDE";"07621798000138 - INSTITUTO OFTALMOLOGICO CARLOS CARVALHO";700000;"2300000029.001654/2023-13. SOF 137/2023 - SES - NUGEP. EMENDA PARLAMENTAR Nº 501/23 P/ ATENDER O ""PROJETO ENXERGAR: RESTAURAR A VISÃO E A QUALIDADE DE VIDA""."
503;2023;"EKAK - EMENDA DERIVADA 1045/2023";"FUNDO ESTADUAL DE SAÚDE";"07621798000138 - INSTITUTO OFTALMOLOGICO CARLOS CARVALHO";1700000;"2300000029.001654/2023-13. SOF 138/2023 - SES - NUGEP. EMENDA PARLAMENTAR Nº 503/23 P/ ATENDER O ""PROJETO ENXERGAR: RESTAURAR A VISÃO E A QUALIDADE DE VIDA""."
504;2023;"EKAL - EMENDA DERIVADA 1048/2023";"FUNDO ESTADUAL DE SAÚDE";"07621798000138 - INSTITUTO OFTALMOLOGICO CARLOS CARVALHO";398300;"2300000029.001654/2023-13. SOF 139/2023 - SES - NUGEP. EMENDA PARLAMENTAR Nº 504/23 P/ ATENDER O ""PROJETO ENXERGAR: RESTAURAR A VISÃO E A QUALIDADE DE VIDA""."
513;2023;"EKA2 - EMENDA DERIVADA 1022/2023";"FUNDO ESTADUAL DE SAÚDE";"11407543000144 - FUNDO MUNICIPAL DE SAUDE DE ITAPISSUMA";100000;"2300000029.001187/2023-13, OFICIO Nº 011/2023, SOF. 103/2023-SES/NUGEP, PLANO DE TRABALHO 35326461, CONFORME EMENDA PARLAMENTAR Nº 513/2023"
524;2023;"EK9W - EMENDA DERIVADA 1020/2023";"FUNDO ESTADUAL DE SAÚDE";"11870137000113 - FUNDO MUNICIPAL DE SAUDE DE CAMOCIM DE SAO FELIX";100000;"2300000029.003549/2023-19. SOF  225/2023 - SES - NUGEP. OFÍCIO GP Nº 99/2023. EMENDA PARLAMENTAR Nº 524/23 OBJETIVANDO A AQUISIÇÃO DE VEÍCULO TIPO AMBULÂNCIA."
535;2023;"EK9V - EMENDA DERIVADA 1019/2023";"FUNDO ESTADUAL DE SAÚDE";"10392418000145 - FUNDO MUNICIPAL DE SAUDE DE ABREU E LIMA";77581.53;"2300000029.002994/2023-53. SOF 201/2023 - SES - NUGEP. EMENDA PARLAMENTAR Nº 535/23 OBJETIVANDO A AQUISIÇÃO DE AMBULÂNCIA PARA ATENDER O MUNICÍPIO."
0547;2023;"EIZ7 - EMENDA PARLAMENTAR NO.547/2021";"FUNDO ESTADUAL DE SAÚDE";"06242368000142 - FUNDO MUNICIPAL DE SAUDE DE BREJINHO";0;"2300000029.002988/2022-15. OFÍCIO GP Nº 098/2022. SOF  182/2022 - SES - NUGEP. EMENDA PARLAMENTAR Nº 0547/22 OBJETIVANDO A AQUISIÇÃO DE 01 (UMA) AMBULÂNCIA"
547;2023;"EKIH - EMENDA DERIVADA 9029/2023";"FUNDO ESTADUAL DE SAÚDE";"09102679000102 - FUNDO MUNICIPAL DE SAUDE DE FERREIROS";250000;"2300000029.006383/2023-84, OFICIO 157/2023, SOF.337/2023-SES/NUGEP,  NOTA TECNICA: (45540669), EMENDA PARLAMENTAR Nº 547/2023, PARA AQUISIÇÃO DE MEDICAMENTOS E INSUMOS FARMACÊUTICOS PARA O MUNICIPIO"
576;2023;"EKGH - EMENDA DERIVADA 8027/2023";"FUNDO ESTADUAL DE SAÚDE";"12424026000146 - FUNDO MUNICIPAL DE SAUDE DE CEDRO";188180;"2300000029.003028/2023-53. SOF 291/2023 - SES - NUGEP. OFÍCIO GAB 157/23. EMENDA PARLAMENTAR Nº 576/23 OBJETIVANDO A AQUISIÇÃO DE AMBULÂNCIA."
616;2023;"EKDT - EMENDA DERIVADA 5032/2023";"FUNDO ESTADUAL DE SAÚDE";"08247860000136 - FUNDO MUNICIPAL DE SAUDE DE CATENDE";77380.8;"2300000029.005621/2023-34. OFÍCIO PMC 283/23. SOF  294/2023 - SES - NUGEP. EMENDA PARLAMENTAR Nº 616/23 OBJETIVANDO A AQUISIÇÃO DE 01 VEÍCULO DO TIPO PASSEIO."
621;2023;"EKJ6 - EMENDA DERIVADA 9021/2023";"FUNDO ESTADUAL DE SAÚDE";"11819732000124 - FUNDO MUNICIPAL DE SAUDE DE MANARI";980162.26;"2300000029.005730/2023-51, OFICIO GAB.032/2023, PLANO DE TRABALHO: 45158382, NOTA TECNICA (45188448), EMENDA PARLAMENTAR Nº 621/2023, PARA AQUISIÇÃO DE MEDICAMENTOS, INSUMOS E LOCAÇÃO DE VEICULOS PARA O MUNICIPIO."
643;2023;"EJL7 - EMENDA DERIVADA 8076/2022";"FUNDO ESTADUAL DE SAÚDE";"04712650000110 - INSTITUTO ESPERANCA DE BENEFICENCIA EM SAUDE DE PERNAMBUCO";0;"2300000029.003357/2022-13, OF.120/22, SOF.201/2022-SES/NUGEP, PLANO DE TRABALHO (28852284), EMENDA PARLAMENTAR Nº 643/22, DESTINADA PARA AÇÕES FILANTRÓPICAS NA PRESTAÇÃO DE SERVIÇOS À SAÚDE DA POPULAÇÃO PERNAMBUCANA."
652;2023;"EKBB - EMENDA DERIVADA 3008/2023";"FUNDO ESTADUAL DE SAÚDE";"11683174000112 - ASS. PROT.MATERNIDADE E A INFANCIA DA VITORIA ST ANTAO";114228.03;"2300000029.001678/2023-64, OFICIO Nº 78/2023, SOF.149/2023-SES/NUGEP, NOTA TECNICA  Nº 105/2023, PLANO DE TRABALHO (37066310), CONFORME EMENDA PARLAMENTAR Nº 652/2023"
664;2023;"EKAW - EMENDA DERIVADA 1049/2023";"FUNDO ESTADUAL DE SAÚDE";"11319452000157 - FUNDO MUNICIPAL DE SAUDE CUMARU";198300;"2300000029.004435/2023-88. SOF  279/2023 - SES - NUGEP. OFÍCIO GP Nº 104/2023. EMENDA PARLAMENTAR Nº 664/23 REF. A AQUISIÇÃO DE UMA AMBULÂNCIA."
681;2023;"EKJM - EMENDA DERIVADA 9044/2023";"FUNDO ESTADUAL DE SAÚDE";"00286731000145 - CIRCULO DO CORACAO DE PERNAMBUCO";91880.4;"2300000029.002043/2023-84. OFÍCIO Nº 023/2023-CIRCOR. SOF  1/2024 - NUGEP. EMENDA PARLAMENTAR Nº 681/23 REF. A AQUISIÇÃO DE EQUIPAMENTOS PARA FORMAÇÃO DE CENTRAL DE TELEMEDICINA PARA DIAGNÓSTICO DE CARDIOPATIAS CONGÊNITAS."
700;2023;"EKIQ - EMENDA DERIVADA 9033/2023";"FUNDO ESTADUAL DE SAÚDE";"38144672000143 - INSTITUTO CRIACAO";299208.98;"2300000029.005681/2023-57. SOF  298/2023 - SES - NUGEP.EMENDA PARLAMENTAR Nº 700/23 REF. A REALIZAÇÃO DE PROJETO DE APOIO À SAÚDE INTEGRAL DA MULHER, NO MUNICÍPIO DE CAMOCIM DE SÃO FÉLIX, COM ATENDIMENTOS GRATUITOS PARA PÚBLICO BENEFICIADO"
757;2023;"EKI7 - EMENDA DERIVADA 9011/2023";"FUNDO ESTADUAL DE SAÚDE";"11293112000102 - FUNDO MUNICIPAL DE SAUDE DE TUPARETAMA";250000;"2300000029.006381/2023-95. OFÍCIO Nº 150/2023. SOF  336/2023 - SES - NUGEP. EMENDA PARLAMENTAR Nº 757/2023 OBJETIVANDO A AQUISIÇÃO DE VEÍCULO TIPO VAN P/ ATENDER PACIENTES DO TFD."
781;2023;"EJ5P - EMENDA DERIVADA 8070/2022";"FUNDO ESTADUAL DE SAÚDE";"41229113000140 - GESTOS SOROPOSITIVIDADE COMUNICACAO E GENERO";0;"2300000029.002314/2022-11, OF.15/22, SOF.208/2022-SES/NUGEP, PLANO DE TRABALHO (30857642), EMENDA PARLAMENTAR Nº 781/22, DESTINADA PARA ATENDIMENTO PSICOSSOCIAL DE PESSOAS ACOMETIDA COM HIV AIDS NO ESTADO DE PE."
798;2023;"EJ66 - EMENDA PARLAMENTAR NO.798/2021";"FUNDO ESTADUAL DE SAÚDE";"11844178000135 - FUNDO MUNICIPAL DE SAUDE DE TACAIMBO";0;"2300000029.002051/2022-40. SOF  187/2022 - SES. OFÍCIO Nº 80/2022. EMENDA PARLAMENTAR Nº 798/22 REF. A AQUISIÇÃO DE AMBULÂNCIA TIPO A - SIMPLES REMOÇÃO."
800;2023;"EJ68 - EMENDA PARLAMENTAR NO.800/2021";"FUNDO ESTADUAL DE SAÚDE";"11419791000105 - FUNDO MUNICIPAL DE SAUDE DE ALAGOINHA";0;"2300000029.001032/2022-04. OFÍCIO 16/22. SOF 139/2022  SES - NUGEP. EMENDA PARLAMENTAR Nº 800/22 REF. A AQUISIÇÃO DE AMBULÂNCIA PARA ATENDIMENTO DE USUÁRIOS DO SUS NO REFERIDO MUNICÍPIO."
801;2023;"EJ69 - EMENDA PARLAMENTAR NO.801/2021";"FUNDO ESTADUAL DE SAÚDE";"10248060000181 - ABRIGO SAO VICENTE DE PAULO";0;"2300000029.001978/2022-62. OFÍCIO 32/22. SOF  175/2022 - SES - NUGEP. EMENDA PARLAMENTAR Nº 801/22 OBJETIVANDO ADQUIRIR MEDICAMENTOS NECESSÁRIOS DE USO CONTÍNUO PARA A SAÚDE DE IDOSAS."
1026;2023;"EJRU - EMENDA PARLAMENTAR NO.126/2022";"SECRETARIA DE CULTURA DO ESTADO DE PERNAMBUCO";"09032427000146 - UNIAO DOS AFOXES DE PERNAMBUCO - UAPE";50000;"EMENDA PARLAMENTAR N° 1026 /202, P/REALIZAÇÃO DO PROJETO ""CRIAR E POTENCIALIZAR AS ROTAS DE TURISMO AFRO CENTRADO EM RECIFE E OLINDA, CONFORME SEI 0040300037.001117/2023-37."
2023;2023;"EK3R - EMENDA PARLAMENTAR NO.555/2022";"UPE CAMPUS MATA NORTE";"35785276000107 - LUCIANO SERGIO GUIMARAES DE SA BARRETO";99684.9;"REF. AQUISIÇÃO DE POLTRONAS E CADEIRAS LONGARINAS E GIRATÓRIAS CMN - RECURSOS DE EMENDA PARLAMENTAR."
7011;2023;"EKFS - EMENDA DERIVADA 7011/2023";"SECRETARIA DE CULTURA DO ESTADO DE PERNAMBUCO";"10167310000159 - MUNICIPIO DE TRACUNHAEM";60000;"EMENDA PARLAMENTAR N° 7011/2023, OBJETO ""AQUISIÇÃO DE INSTRUMENTOS MUSICAIS PARA AMPLIAÇÃO DE UM PROJETO JÁ EXISTENTE DE AULAS PRATICAS EM INSTRUMENTOS DIVERSOS"" . SEI 2000000054.001015/2023-81."
8042;2023;"EKHB - EMENDA DERIVADA 8042/2023";"INSTITUTO AGRONOMICO DE PERNAMBUCO";"05604422000190 - AGROMAQUINAS EMPREENDIMENTOS AGRICOLAS LTDA";0;"CONFORME SOLICITAÇÃO DE SERVIÇO N º 608/2023  SEI Nº 0050100058.004096/2023-09  OBS: PERFURAÇÃO DE POÇOS CONFORME O VALOR DISPONIBILIZADO NA EMENDA PARLAMENTAR Nº 8042/2023 PARA O MUNICÍPIO DE FLORES."
8043;2023;"EKHC - EMENDA DERIVADA 8043/2023";"INSTITUTO AGRONOMICO DE PERNAMBUCO";"05604422000190 - AGROMAQUINAS EMPREENDIMENTOS AGRICOLAS LTDA";0;"CONFORME SOLICITAÇÃO DE SERVIÇO N º 609/2023  SEI Nº 0050100058.004096/2023-09  OBS: PERFURAÇÃO DE POÇOS CONFORME O VALOR DISPONIBILIZADO NA EMENDA PARLAMENTAR Nº 8043/2023 PARA O MUNICÍPIO DE BETÂNIA."
2300000029;2023;"EIO4 - EMENDA PARLAMENTAR NO.143/2021";"HOSPITAL GETULIO VARGAS";"05439635000456 - ANTIBIOTICOS DO BRASIL LTDA";0;"MEMORANDO Nº 459/2022/HGV/PLANEJAMENTO FARMACÊUTICO, ATA Nº 078/2021. SEI  REF. A EMENDA 2300000029.000393/2022-25."
09;2024;"EKJX - EMENDA PARLAMENTAR NO.9/2023";"FUNDO ESTADUAL DE SAÚDE";"530101 - FUNDACAO DE HEMATOLOGIA E HEMOTERAPIA DE PE - HEMOPE";291663.93;"SOF  388/2024 - SES - NUGEP. NOTA TÉCNICA 58505999. EMENDA PARLAMENTAR Nº 09 REFERENTE A AQUISIÇÃO DE VEÍCULO PARA TRANSPORTE DE PACIENTES."
012;2024;"ELK5 - EMENDA DERIVADA 10001/2024";"FUNDO ESTADUAL DE SAÚDE";"10583920000800 - HOSPITAL DO TRICENTENARIO";100000;"2300000029.001037/2024-91, CT.DE GESTÃO 001/2015, SOF.4/2024-SES/DGMCG, NOTA TÉCNICA Nº 613/24, PT.51165097, EMENDA PARLAMENTAR Nº 012/2024 - DESTINADA A AQUISIÇÃO DE MEDICAMENTOS PARA O HOSPITAL MESTRE VITALINO"
14;2024;"ELQZ - EMENDA DERIVADA 30066/2024";"FUNDO ESTADUAL DE SAÚDE";"11334929000173 - FUNDO MUNICIPAL DE SAUDE DA GAMELEIRA";686000;"SOF  671/2024 - SES - NUGEP. NOTA TÉCNICA - SES - GERÊNCIA DA POLÍTICA DE ASSISTÊNCIA FARMACÊUTICA - Nº 113/2024. EMENDA PARLAMENTAR Nº 14 REFERENTE A AQUISIÇÃO DE MEDICAMENTOS E INSUMOS."
19;2024;"EM2B - EMENDA DERIVADA 60007/2024";"FUNDO ESTADUAL DE SAÚDE";"10480777000154 - FUNDO MUNICIPAL DE SAUDE DE JATAUBA";70000;"SOF 482/24 - NUGEP. NOTA TÉCNICA - SES - GERÊNCIA DA CENTRAL DE REGULAÇÃO AMBULATORIAL - Nº 9/2024. EMENDA PARLAMENTAR Nº 19 REFERENTE A AQUISIÇÃO DE VEÍCULO PARA SURPRIR A DEMANDA DE TRANSPORTE DE DOENTES FORA DO DOMICÍLIO."
40;2024;"E77C - EMENDA DERIVADA 40141/2024 - REBATIMENTO";"PRONTO SOCORRO CARDIOLÓGICO DE PERNAMBUCO";"07484373000124 - UNI HOSPITALAR LTDA";59506.6;"PROCESSO Nº 195/2023, P.E (SRP) Nº 099/2023, HOMOLOGADO EM 27/11/2023, REGISTRO DE PREÇOS PARA EVENTUAL FORNECIMENTO DE MAT. DE CONSUMO HOSPITALAR (MEDICAMENTOS), (CI Nº 615E/2024 - FARMÁCIA) - PEDIDO P/ 06 MESES - EMENDA PARLAMENTAR Nº 40.000141"
076;2024;"ELI3 - EMENDA PARLAMENTAR NO 233 - 2";"HOSPITAL UNIVERSITÁRIO OSWALDO CRUZ";"08958628000106 - ONCOEXO DISTRIBUIDORA DE MEDICAMENTOS LTDA";99960;"ATENDER 2498/2024 (60193589) REF. A CI Nº. 677/2024 ABAST FARMACÊUTICO (60169292), PL Nº. 1648.2024.CPL.HUOC.PE.0025.HUOC	, AQUISIÇÃO DE INSUMOS. EMENDA PARLAMENTAR 076.ELI3.0500710000."
0076;2024;"ELI8 - EMENDA PARLAMENTAR NO 501 - 2";"HOSPITAL UNIVERSITÁRIO OSWALDO CRUZ";"66783630000279 - PRO-LIFE EQUIPAMENTOS MEDICOS LTDA";54000;"ATENDER DESPACHO 2523/2024 (60218859), 3333.2024.CCD.IN.0016.HUOC, DFD 59612791, CENTRAL DE MONITORACAO FISIOLOGICA MULTIPARAMETROS. EMENDA PARLAMENTAR 0076.ELI8.0500710000."
91;2024;"EM26 - EMENDA DERIVADA 50044/2024";"FUNDO ESTADUAL DE SAÚDE";"09471844000195 - FUNDO MUNICIPAL DE SAUDE DE JAQUEIRA";244999.8;"SOF  679/2024 - SES - NUGEP. NOTA TÉCNICA - SES - DIRETORIA GERAL DE ATENÇÃO PRIMÁRIA - (ANTIGA SAP) - Nº 80/2024. EMENDA Nº 91 REFERENTE A AQUISIÇÃO DE EQUIPAMENTOS PARA ATENÇÃO PRIMÁRIA"
93;2024;"ELX0 - EMENDA DERIVADA 40055/2024";"FUNDO ESTADUAL DE SAÚDE";"08720669000160 - INSTITUTO REVIVER BRASIL";300000;"SOF 528/24-NUGEP. NOTA TÉCNICA - SES - COORDENAÇÃO DE SAÚDE BUCAL - Nº 21/2024. EMENDA PARLAMENTAR Nº 93 REFERENTE A AQUISIÇÃO DE UNIDADE MÓVEL ODONTOLÓGICA."
111;2024;"EM6J - EMENDA DERIVADA 90027/2024";"SECRETARIA DE EDUCAÇÃO";"12658530000100 - FUNDACAO TERRA";0;"DESP. PARA EXECUÇÃO DA EMENDA PARLAMENTAR Nº 111 COM FORNECIMENTO DE ALIMENTAÇÃO ESCOLAR PARA AS CRIANÇAS MAIS VULNERÁVEIS. SOF 8/2024 - SEI  1400003000.000257/2024-12"
113;2024;"EJRH - EMENDA DERIVADA 1000/2023";"FUNDO ESTADUAL DE SAÚDE";"07621798000138 - INSTITUTO OFTALMOLOGICO CARLOS CARVALHO";100000;"2300000029.001654/2023-13. SOF 333/2023 - SES - NUGEP. EMENDA PARLAMENTAR Nº 113/23 P/ ATENDER O ""PROJETO ENXERGAR: RESTAURAR A VISÃO E A QUALIDADE DE VIDA""."
163;2024;"ELWJ - EMENDA DERIVADA 40004/2024";"FUNDO ESTADUAL DE SAÚDE";"07421280000150 - INSTITUTO DO FIGADO E TRANSPLANTE DE PERNAMBUCO - IFP";120000;"SOF  583/2024   NUGEP/SEAF. NOTA TÉCNICA Nº 108/2024. EMENDA PARLAMENTAR Nº 163 REFERENTE A AQUISIÇÃO DE 02 EQUIPAMENTOS DE VÍDEOENDOSCOPIA E 01 EQUIPAMENTO DE PHMETRIA."
170;2024;"ELN2 - EMENDA DERIVADA 20051/2024";"FUNDO ESTADUAL DE SAÚDE";"03904395000145 - FUNDO MUNICIPAL DE SAUDE DE JABOATAO DOS GUARARAPES";580696;"SOF  558/2024 - SES  - NUGEP. NOTA TÉCNICA 54995264. EMENDA PARLAMENTAR Nº 170 REFERENTE A AQUISIÇÃO DE INSUMOS E MEDICAMENTOS P/ A REDE MUNICIPAL DE SAÚDE."
174;2024;"EJT6 - EMENDA DERIVADA 9017/2023";"FUNDO ESTADUAL DE SAÚDE";"12397007000178 - FUNDO MUNICIPAL DE CHA DE ALEGRIA";200000;"2300000029.006593/2023-72. OFÍCIO GP Nº. 176/2023. SOF  346/2023 - SES - NUGEP. EMENDA PARLAMENTAR Nº 174/23 OBJETIVANDO A AQUISIÇÃO DE UMA AMBULÂNCIA."
176;2024;"EM4L - EMENDA DERIVADA 60054/2024";"FUNDO ESTADUAL DE SAÚDE";"08720669000160 - INSTITUTO REVIVER BRASIL";168050;"SOF  800/2024 - NUGEP, Nº EMENDA 176/2024, NOTA TÉCNICA 227/2024, REALIZAÇÃO DE CONSULTAS OFTALMOLÓGICAS, DIAGNOSTICO E AQUISIÇÃO DE ÓCULOS DE GRAU SE NECESSÁRIO"
184;2024;"ELLQ - EMENDA DERIVADA 20041/2024";"FUNDO ESTADUAL DE SAÚDE";"24262537000198 - INSTITUTO MEMORIAL DO AGRESTE - IMA";100000;"SOF 376/24 - NUGEP. NOTA TÉCNICA - SES - GERÊNCIA DA POLÍTICA DE ASSISTÊNCIA FARMACÊUTICA - Nº 35/2024. EMENDA PARLAMENTAR Nº 184 REFERENTE A AQUISIÇÃO DE MATERIAIS MÉDICO/HOSPITALARES PARA O HOSPITAL MEMORIAL DE PERNAMBUCO."
240;2024;"EKHN - EMENDA DERIVADA 8023/2023";"FUNDO ESTADUAL DE SAÚDE";"10869782000153 - IRMANDADE DA SANTA CASA DE MISERICORDIA DO RECIFE";105000;"2300000029.005619/2023-65. OFÍCIO 246/2023. SOF  295/2023 - SES - NUGEP. EMENDA PARLAMENTAR Nº 240/23 REFERENTE A MANUTENÇÃO DA IRMANDADE DA SANTA CASA DE MISERICÓRDIA DO RECIFE/HOSPITAL SANTO AMARO."
305;2024;"EJR8 - EMENDA DERIVADA 9020/2023";"FUNDO ESTADUAL DE SAÚDE";"11691937000177 - CENTRO DE CAPACITACAO E FORMACAO PUBLICA - CEFOP";299060;"2300000029.005683/2023-46, OFICIO Nº 46/2023, SOF.299/2023-SES/NUGEP,NOTA TECNICA: (44100519), PLANO DE TRABALHO  (44613043), EMENDA PARLAMENTAR Nº 305, PARA REALIZAR PROJETO DE MELHORIA A ATENÇÃO INTEGRAL DA POPULAÇÃO DO JABOATÃO DOS GUARARAPES"
333;2024;"EKHK - EMENDA DERIVADA 8007/2023";"FUNDO ESTADUAL DE SAÚDE";"10572048002686 - SECRETARIA DE SAUDE";99893.33;"2300000029.003646/2023-01. SOF  163/2023 - SES. OFÍCIO Nº 50/2023 - NUGEP. EMENDA PARLAMENTAR Nº 333/23 OBJETIVANDO EQUIPAGEM DAS RECEPÇÕES ADULTO, PEDIÁTRICA OBSTÉTRICA DO HOSP. FERNANDES SALSA NO MUNICÍPIO DE LIMOEIRO. EMPENHO GERADO SEM VALIDAÇÃO NO SIAFEM."
335;2024;"EKHH - EMENDA DERIVADA 8002/2023";"FUNDO ESTADUAL DE SAÚDE";"69902112000134 - FUNDO MUNICIPAL DE SAUDE DE VERTENTE DO LERIO";129360;"2300000029.005944/2023-28. OFÍCIO N.º 41/2023. SOF  312/2023 - SES - NUGEP. EMENDA PARLAMENTAR Nº 335/23 OBJETIVANDO A AQUISIÇÃO DE UMA AMBULÂNCIA."
338;2024;"EM19 - EMENDA DERIVADA 50004/2024";"FUNDO ESTADUAL DE SAÚDE";"08831289000100 - FUNDO MUNICIPAL DE SAUDE DE LAJEDO";388080;"SOF Nº 680/24 - NUGEP. NOTA TÉCNICA Nº 135/2024/DGAIS/GUE. EMENDA PARLAMENTAR Nº 338  REFERENTE A AQUISIÇÃO DE AMBULÂNCIA PARA LOCOMOÇÃO DE PACIENTES DENTRO DA REDE DE ASSISTÊNCIA E NO PRÓPRIO MUNICÍPIO"
341;2024;"EKFR - EMENDA DERIVADA 7010/2023";"FUNDO ESTADUAL DE SAÚDE";"11504633000153 - FUNDO MUNICIPAL DE SAUDE DE TRACUNHAEM";270000;"2300000266.011211/2023-20. OFÍCIO 137/23. SOF  318/2023 - SES - NUGEP. EMENDA PARLAMENTAR Nº 341/23  OBJETIVANDO A AQUISIÇÃO DE UMA VAN PARA O TRANSPORTE DE PACIENTES TFD - TRATAMENTO FORA DO DOMICÍLIO."
357;2024;"ELR8 - EMENDA DERIVADA 30009/2024";"FUNDO ESTADUAL DE SAÚDE";"08187800000175 - INSTITUTO SOS MAO CRIANCA - ISMC";50000;"SOF  548/2024 - SES - NUGEP. NOTA TÉCNICA Nº 480/2024. EMENDA PARLAMENTAR Nº 357 REFERENTE A AQUISIÇÃO DE EQUIPAMENTOS QUE SERÃO UTILIZADOS NOS ATENDIMENTOS CIRÚRGICOS."
361;2024;"EKCG - EMENDA DERIVADA 4043/2023";"FUNDO ESTADUAL DE SAÚDE";"11292383000135 - FUNDO MUNICIPAL DE SAUDE DE SOLIDAO";200000;"2300000029.004051/2023-65. OFÍCIO SNº/2023 (40929733). SOF  254/2023 - SES - NUGEP. EMENDA PARLAMENTAR Nº 361/23 OBJETIVANDO A AQUISIÇÃO DE AMBULÂNCIAS PARA ATENDER A DEMANDAS DE ATENDIMENTO A SAÚDE NO MUNICÍPIO"
372;2024;"EKH8 - EMENDA DERIVADA 8028/2023";"FUNDO ESTADUAL DE SAÚDE";"02324776000192 - FUNDO MUNICIPAL DE SAUDE BELEM DE SAO FRANCISCO";600000;"2300000029.005615/2023-87. OFÍCIO GP Nº 240/2023. SOF  292/2023 - SES - NUGEP. EMENDA PARLAMENTAR Nº 372/23 REF. A CONSTRUÇÃO DE UNIDADE BÁSICA DE SAÚDE NO POVOADO DE MALHA GRANDE DO MUNICÍPIO DE BELÉM DO SÃO FRANCISCO"
410;2024;"EM4K - EMENDA DERIVADA 60017/2024";"FUNDO ESTADUAL DE SAÚDE";"19796243000106 - ONG - MOVIMENTO COMUNITARIO - MC PROJETO SAUDE PARA TODOS";120000;"SOF  604/2024 - SES - NUGEP. NOTA TÉCNICA  DGAIS Nº 133/2024. EMENDA PARLAMENTAR Nº 410 OBJETIVANDO A REALIZAÇÃO DE CONSULTAS OFTALMOLÓGICAS E OBTER DIAGNÓSTICOS (PROJETO SAÚDE DOS OLHOS. PRIORIDADE SEMPRE!)"
420;2024;"ELIN - EMENDA DERIVADA 10026/2024";"FUNDO ESTADUAL DE SAÚDE";"19796243000106 - ONG - MOVIMENTO COMUNITARIO - MC PROJETO SAUDE PARA TODOS";400000;"SOF 78/24 -  NUGEP. NOTA TÉCNICA 24 (47911866). EMENDA PARLAMENTAR Nº 420 OBJETIVANDO REALIZAR CONSULTAS OFTALMOLÓGICAS E OBTER DIAGNÓSTICO (PROJETO SAÚDE NOS OLHOS, PRIORIDADE SEMPRE XIII"
439;2024;"EJOM - EMENDA DERIVADA 9043/2022";"FUNDO ESTADUAL DE SAÚDE";"35667229000169 - FUNDO MUNICIPAL DE SAUDE DE QUIXABA";0;"2300000029.003874/2022-92. OFÍCIO GP N° 087/2022. SOF  231/2022 - SES - NUGEP. EMENDA PARLAMENTAR Nº 439/22 OBJETIVANDO A AQUISIÇÃO DE VEÍCULO TIPO AMBULÂNCIA PARA TRANSPORTE DE PACIENTES DO MUNICÍPIO DE QUIXABÁ/PE."
443;2024;"EKAI - EMENDA DERIVADA 1043/2023";"FUNDO ESTADUAL DE SAÚDE";"07621798000138 - INSTITUTO OFTALMOLOGICO CARLOS CARVALHO";400000;"2300000029.001654/2023-13. SOF 134/2023 - SES - NUGEP. EMENDA PARLAMENTAR Nº 443/23 P/ ATENDER O ""PROJETO ENXERGAR: RESTAURAR A VISÃO E A QUALIDADE DE VIDA""."
444;2024;"EKAE - EMENDA DERIVADA 1041/2023";"FUNDO ESTADUAL DE SAÚDE";"07621798000138 - INSTITUTO OFTALMOLOGICO CARLOS CARVALHO";1600000;"2300000029.001654/2023-13. SOF 135/2023 - SES - NUGEP. EMENDA PARLAMENTAR Nº 444/23 P/ ATENDER O ""PROJETO ENXERGAR: RESTAURAR A VISÃO E A QUALIDADE DE VIDA""."
445;2024;"EKAG - EMENDA DERIVADA 1042/2023";"FUNDO ESTADUAL DE SAÚDE";"07621798000138 - INSTITUTO OFTALMOLOGICO CARLOS CARVALHO";800000;"2300000029.001654/2023-13. SOF 136/2023 - SES - NUGEP. EMENDA PARLAMENTAR Nº 445/23 P/ ATENDER O ""PROJETO ENXERGAR: RESTAURAR A VISÃO E A QUALIDADE DE VIDA""."
448;2024;"EKDG - EMENDA DERIVADA 7020/2023";"FUNDO ESTADUAL DE SAÚDE";"20511923000115 - REDE FEMININA MUNICIPAL DE COMBATE AO CANCER DE CARPINA";98000;"2300000029.005173/2023-79. OFÍCIO 045/23. SOF  287/2023 - SES - NUGEP. EMENDA PARLAMENTAR Nº 448/23 REF. A AQUISIÇÃO DE APARELHOS COLPOSCÓPIO E ULTRASSOM TRANSVAGINAL."
473;2024;"ELTE - EMENDA DERIVADA 40050/2024";"FUNDO ESTADUAL DE SAÚDE";"11754025000105 - ASSOC DE PROT A MATERNIDADE E A INFANCIA DE SURUBIM";196333.33;"SOF 557/24-NUGEP. NOTA TÉCNICA - SES - DIRETORIA GERAL DE ASSISTÊNCIA INTEGRAL À SAÚDE - LINHAS DE CUIDADOS - Nº 127/2024. EMENDA PARLAMENTAR Nº 473 REFERENTE A AQUISIÇÃO APARELHO DE ULTRASSOM."
479;2024;"EM50 - EMENDA DERIVADA 70015/2024";"FUNDO ESTADUAL DE SAÚDE";"11754025000105 - ASSOC DE PROT A MATERNIDADE E A INFANCIA DE SURUBIM";200000;"SOF 789/24 - NUGEP. NOTA TÉCNICA 57436080. EMENDA PARLAMENTAR Nº 479 REFERENTE A AQUISIÇÃO DE EQUIPAMENTO HOSPITALAR."
487;2024;"ELPE - EMENDA DERIVADA 20092/2024";"FUNDO ESTADUAL DE SAÚDE";"10894988000133 - SOCIEDADE PERNAMBUCANA DE COMBATE AO CANCER";90000;"SOF 747/2024 - SES - NUGEP. NOTA TÉCNICA - SES - GERÊNCIA JURÍDICA DE CONVÊNIO, PARCERIAS E CONTRATOS DE GESTÃO - Nº 373/2024. EMENDA PARLAMENTAR Nº 487 OBJETIVANDO A AQUISIÇÃO DE UNSUMOS GERAIS, INSUMOS HOSPITALARES E MEDICAMENTOS."
501;2024;"EKAJ - EMENDA DERIVADA 1044/2023";"FUNDO ESTADUAL DE SAÚDE";"07621798000138 - INSTITUTO OFTALMOLOGICO CARLOS CARVALHO";700000;"2300000029.001654/2023-13. SOF 137/2023 - SES - NUGEP. EMENDA PARLAMENTAR Nº 501/23 P/ ATENDER O ""PROJETO ENXERGAR: RESTAURAR A VISÃO E A QUALIDADE DE VIDA""."
503;2024;"EKAK - EMENDA DERIVADA 1045/2023";"FUNDO ESTADUAL DE SAÚDE";"07621798000138 - INSTITUTO OFTALMOLOGICO CARLOS CARVALHO";1700000;"2300000029.001654/2023-13. SOF 138/2023 - SES - NUGEP. EMENDA PARLAMENTAR Nº 503/23 P/ ATENDER O ""PROJETO ENXERGAR: RESTAURAR A VISÃO E A QUALIDADE DE VIDA""."
504;2024;"EKAL - EMENDA DERIVADA 1048/2023";"FUNDO ESTADUAL DE SAÚDE";"07621798000138 - INSTITUTO OFTALMOLOGICO CARLOS CARVALHO";398300;"2300000029.001654/2023-13. SOF 139/2023 - SES - NUGEP. EMENDA PARLAMENTAR Nº 504/23 P/ ATENDER O ""PROJETO ENXERGAR: RESTAURAR A VISÃO E A QUALIDADE DE VIDA""."
521;2024;"ELIO - EMENDA DERIVADA 10027/2024";"FUNDO ESTADUAL DE SAÚDE";"19796243000106 - ONG - MOVIMENTO COMUNITARIO - MC PROJETO SAUDE PARA TODOS";400000;"SOF  99/2024 - SES  - NUGEP. NOTA TÉCNICA 46874588. EMENDA PARLAMENTAR Nº 521 OBJETIVANDO REALIZAR CONSULTAS OFTALMOLÓGICAS E OBTER DIAGNÓSTICOS (PROJETO SAÚDE NOS OLHOS, PRIORIDADE SEMPRE XIV !)"
576;2024;"EKGH - EMENDA DERIVADA 8027/2023";"FUNDO ESTADUAL DE SAÚDE";"12424026000146 - FUNDO MUNICIPAL DE SAUDE DE CEDRO";188180;"2300000029.003028/2023-53. SOF 291/2023 - SES - NUGEP. OFÍCIO GAB 157/23. EMENDA PARLAMENTAR Nº 576/23 OBJETIVANDO A AQUISIÇÃO DE AMBULÂNCIA."
616;2024;"EKDT - EMENDA DERIVADA 5032/2023";"FUNDO ESTADUAL DE SAÚDE";"08247860000136 - FUNDO MUNICIPAL DE SAUDE DE CATENDE";77380.8;"2300000029.005621/2023-34. OFÍCIO PMC 283/23. SOF  294/2023 - SES - NUGEP. EMENDA PARLAMENTAR Nº 616/23 OBJETIVANDO A AQUISIÇÃO DE 01 VEÍCULO DO TIPO PASSEIO."
618;2024;"ELZ7 - EMENDA DERIVADA 50081/2024";"FUNDO ESTADUAL DE SAÚDE";"11754025000105 - ASSOC DE PROT A MATERNIDADE E A INFANCIA DE SURUBIM";150000;"SOF  686/2024 - SES - NUGEP. NOTA TÉCNICA - SES - SAMAF Nº 18/2024. EMENDA PARLAMENTAR Nº 618/24 REFERENTE A AQUISIÇÃO DE MEDICAMENTOS E INSUMOS FARMACÊUTICOS PARA O HOSPITAL SÃO LUIZ"
645;2024;"ELKY - EMENDA DERIVADA 10008/2024";"FUNDO ESTADUAL DE SAÚDE";"10739225001866 - INSTITUTO SOCIAL DAS MEDIANEIRAS DA PAZ";200000;"2300000029.001261/2024-82, CT.DE GESTÃO 002/2021, SOF.8/2024-SES/DGMCG, NOTA TÉCNICA 452/2024, PT.51165530, EMENDA PARLAMENTAR Nº 645/2024 - DESTINADA A REFORMA DO DESCANSO MÉDICO DO HOSPITAL REGIONAL FERNANDO BEZERRA - HRFB,"
649;2024;"ELKW - EMENDA DERIVADA 10006/2024";"FUNDO ESTADUAL DE SAÚDE";"10739225002323 - INSTITUTO SOCIAL DAS MEDIANEIRAS DA PAZ";90000;"CT.DE GESTÃO 027/2022, SOF.5/2024-SES/DGMCG, NOTA TÉCNICA Nº 94/2024, EMENDA PARLAMENTAR 649/2024, PARA AQUISIÇÃO DE BERÇOS AQUECIDOS PARA O HOSPITAL REGIONAL DOM MALAN."
652;2024;"E61C - EMENDA DERIVADA 8008/2023";"FUNDO ESTADUAL DE SAÚDE";"10352324000142 - FUNDO MUNICIPAL DE SAUDE DE VENTUROSA";200000;"2300000029.006590/2023-39. OFÍCIO N° 154/2023. SOF  345/2023 - SES - NUGEP. EMENDA PARLAMENTAR Nº 652/23 REF. A AQUISIÇÃO DE MEDICAMENTOS E INSUMOS FARMACÊUTICOS PARA O HOSPITAL E MATERNIDADE JUSTA MARIA BEZERRA."
658;2024;"ELO4 - EMENDA DERIVADA 20053/2024";"FUNDO ESTADUAL DE SAÚDE";"09188937000107 - FUNDO MUNICIPAL DE SAUDE DE TACARATU";120000;"SOF  470/2024 - NUGEP, Nº EMENDA 658, NOTA TÉCNICA Nº 94,AQUISIÇÃO DE UMA AMBULANCIA TIPO FURGONETA PARA A SECRETARIA MUNICIPAL DE SAUDE, PARA ATENDER AS DEMANDAS DE TRANSPORTE DE PACIENTES"
662;2024;"ELOH - EMENDA DERIVADA 20060/2024";"FUNDO ESTADUAL DE SAÚDE";"09188937000107 - FUNDO MUNICIPAL DE SAUDE DE TACARATU";300000;"SOF  488/2024 - NUGEP, NOTA TÉCNICA 105, Nº EMENDA 662/2024, AQUISIÇÃO DE UM APARELHO DE RAIO X DIGITAL PARA O MUNICIPIO"
674;2024;"ELR3 - EMENDA DERIVADA 30001/2024";"FUNDO ESTADUAL DE SAÚDE";"11683174000112 - ASS. PROT.MATERNIDADE E A INFANCIA DA VITORIA ST ANTAO";0;"SOF  487/2024 - SES - NUGEP. NOTA TÉCNICA 53650692. PLANO DE TRABALHO 55454351. EMENDA PARLAMENTAR Nº 674 REFERENTE A AQUISIÇÃO DE MEDICAMENTOS E INSUMOS FARMACÊUTICOS."
688;2024;"ELR4 - EMENDA DERIVADA 30005/2024";"FUNDO ESTADUAL DE SAÚDE";"10298546000124 - FUNDO MUNICIPAL DE SAUDE DE CUSTODIA";230000;"SOF  695/2024 - NUGEP, NOTA TÉCNICA 108, Nº EMENDA 688, AQUISIÇÃO DE MEDICAMENTOS PARA ASSISTENCIA FARMACEUTICA DO MUNICIPIO. GARANTINDO ASSISTENCIAL INTEGRAL"
693;2024;"ELZG - EMENDA DERIVADA 50117/2024";"FUNDO ESTADUAL DE SAÚDE";"04936521000106 - FUNDACAO CASA FORTE";100000;"SOF  676/2024  NUGEP. NOTA TÉCNICA Nº 151/2024. EMENDA PARLAMENTAR Nº 693 REFERENTE A AQUISIÇÃO DE EQUIPAMENTOS OFTALMOLÓGICOS"
694;2024;"ELMR - EMENDA DERIVADA 20012/2024";"FUNDO ESTADUAL DE SAÚDE";"09039744000860 - FUNDACAO GESTAO HOSPITALAR MARTINIANO FERNANDES - FGH";200000;"CONTRATO DE GESTÃO Nº 018/22. SOF  22/2024 - SES - DGMCG. EMENDA PARLAMENTAR Nº 694 REFERENTE A AQUISIÇÃO DE MATERIAL PERMANENTE PARA EQUIPAGEM DO HOSPITAL DOM HÉLDER CÂMARA."
700;2024;"EKIQ - EMENDA DERIVADA 9033/2023";"FUNDO ESTADUAL DE SAÚDE";"38144672000143 - INSTITUTO CRIACAO";299208.98;"2300000029.005681/2023-57. SOF  298/2023 - SES - NUGEP.EMENDA PARLAMENTAR Nº 700/23 REF. A REALIZAÇÃO DE PROJETO DE APOIO À SAÚDE INTEGRAL DA MULHER, NO MUNICÍPIO DE CAMOCIM DE SÃO FÉLIX, COM ATENDIMENTOS GRATUITOS PARA PÚBLICO BENEFICIADO"
709;2024;"ELQ7 - EMENDA DERIVADA 20095/2024";"FUNDO ESTADUAL DE SAÚDE";"07621798000138 - INSTITUTO OFTALMOLOGICO CARLOS CARVALHO";50000;"SOF 766/24-NUGEP. NOTA TÉCNICA - SES - DIRETORIA GERAL DE ASSISTÊNCIA INTEGRAL À SAÚDE - LINHAS DE CUIDADOS - Nº 152/2024. EMENDA PARLAMENTAR Nº 709 REFERENTE AO PROJETO ""ENXERGAR: RESTAURAR A VISÃO E  A QUALIDADE DE VIDA""."
722;2024;"EM6G - EMENDA DERIVADA 90044/2024";"FUNDO ESTADUAL DE SAÚDE";"11683042000190 - UNIAO BENEFICENTE DOS TRABALHADORES DO MORENO";50000;"SOF Nº 843/24- NUGEP. NOTA TÉCNICA-SES-SUPERINTENDÊNCIA DE ACOMPANHAMENTO DE METAS DA ASSISTÊNCIA FARMACÊUTICA - Nº 36/2024. EMENDA PARLAMENTAR Nº 722 REFERENTE AO CUSTEIO DE COMPRESSAS DE GAZE E COMPRESSAS CIRÚRGICAS PARA O HOSPITAL ARMINDO MOURA."
730;2024;"ELJ7 - EMENDA DERIVADA 10017/2024";"FUNDO ESTADUAL DE SAÚDE";"10477153000188 - FUNDO MUNICIPAL DE SAUDE DE LAGOA DO OURO";272000;"SOF 480/2024 NUGEP/SEAF. NOTA TÉCNICA Nº 99/2024/DGAIS/GUE. EMENDA PARLAMENTAR Nº 730 OBJETIVANDO A AQUISIÇÃO DE DUAS AMBULÂNCIAS PARA TRANSPORTAR PACIENTES DO MUNICÍPIO DE LAGOA DO OURO."
731;2024;"ELJD - EMENDA DERIVADA 10074/2024";"FUNDO ESTADUAL DE SAÚDE";"11209728000144 - FUNDO MUNICIPAL DE SAUDE DE IATI";272000;"SOF  279/2024 - SES - NUGEP. NOTA TÉCNICA Nº 59/2024 (48782049). EMENDA PARLAMENTAR Nº 731 REFERENTE A AQUISIÇÃO DE DUAS AMBULÂNCIAS."
737;2024;"ELJ5 - EMENDA DERIVADA 10016/2024";"FUNDO ESTADUAL DE SAÚDE";"11819732000124 - FUNDO MUNICIPAL DE SAUDE DE MANARI";253000;"SOF 349/24 - NUGEP. NOTA TÉCNICA 49647636. EMENDA PARLAMENTAR Nº737 OBJETIVANDO A AQUISIÇÃO DE AMBULÂNCIA PARA TRANSPORTAR PACIENTES DO MUNICÍPIO DE MANARI/PE"
740;2024;"ELMO - EMENDA DERIVADA 20056/2024";"FUNDO ESTADUAL DE SAÚDE";"11384276000137 - FUNDO MUNICIPAL DE SAUDE DE CALCADO";100000;"SOF 503/24 - NUGEP. NOTA TÉCNICA - SES - SUPERINTENDÊNCIA GERAL DE ASSISTÊNCIA REGIONAL - Nº 28/2024 (51037072). EMENDA PARLAMENTAR Nº 740 REFERENTE A COMPRA DE VEÍCULO PARA ATENDER A POPULAÇÃO NAS NECESSIDADES A RELACIONADAS À SAÚDE."
775;2024;"EM4Z - EMENDA DERIVADA 70012/2024";"FUNDO ESTADUAL DE SAÚDE";"11866365000110 - CENTRO HOSPITALAR SANTA MARIA";99821.88;"SOF  797/2024 - NUGEP, NOTA TÉCNICA 214/2024, Nº EMENDA 775/2024, COMPRA DE FOCO CIRÚRGICO E MESA CIRURGICA PARA  EQUIPAGEM DO CENTRO HOSPITALAR SANTA MARIA"
777;2024;"ELWX - EMENDA DERIVADA 40141/2024";"FUNDO ESTADUAL DE SAÚDE";"440715 - FUNDACAO UNIVERSIDADE DE PERNAMBUCO";59506.6;"2300000029.004200/2024-77, OFICIO 322/2024-PROCAPE/CH/PE, SOF.719/2024-SES/NUGEP. NOTA TÉCNICA-SES/GEPAF Nº 101/2024, AQUISIÇAO DE MEDICAMENTOS E INSUMOS FARMACÉUTICOS, EMENDA PARLAMENTAR Nº 777"
779;2024;"ELMN - EMENDA DERIVADA 20072/2024";"FUNDO ESTADUAL DE SAÚDE";"11209720000188 - FUNDO MUNICIPAL DE SAUDE DE AGUAS BELAS";1672174.78;"SOF  277/2024 - NUGEP, Nº EMENDA 779/2024, NOTA TÉCNICA 74, CAPACITAR E FORMAR PROFISSIONAIS DA SECRETARIA MUNICIPAL DE SAÚDE EM PRIMEIROS SOCORROS E NO ENFRENTAMENTO AOS AGRAVOS CAUSADOS PELO MOSQUITO AEDES AEGYPTI EM TODO MUNICÍPIO"
842;2024;"EM1D - EMENDA DERIVADA 50127/2024";"FUNDO ESTADUAL DE SAÚDE";"10583920000800 - HOSPITAL DO TRICENTENARIO";0;"CONTRATO DE GESTÃO Nº 001/15. SOF 24/2024 - SES  - DGMCG. EMENDA PARLAMENTAR Nº 842 REFERENTE A AQUISIÇÃO DE MEDICAMENTOS DE ALTO CUSTO E CONSUMO PARA O HOSPITAL MESTRE VITALINO."
847;2024;"EM1E - EMENDA DERIVADA 50130/2024";"FUNDO ESTADUAL DE SAÚDE";"35673300000116 - LIGA NORDESTINA DE ASSITENCIA EDUCACAO E SAUDE";99999.6;"SOF 78/24-NUGEP. NOTA TÉCNICA - SES - GERÊNCIA DA POLÍTICA DE ASSISTÊNCIA FARMACÊUTICA - Nº 136/2024. EMENDA PARLAMENTAR Nº 847 REFERENTE A AQUISIÇÃO DE MEDICAMENTOS E INSUMOS FARMACÊUTICOS"
894;2024;"ELSW - EMENDA DERIVADA 30092/2024";"FUNDO ESTADUAL DE SAÚDE";"32964434000106 - INSTITUTO TODOS";99600;"SOF  635/2024 - SES - NUGEP. PARECER TÉCNICO 54206137. EMENDA PARLAMENTAR Nº 894 OBJETIVANDO A CAPACITAÇÃO PARA MULHERES E RESPONSÁVEIS COM SEUS FILHOS DIAGNOSTICADOS COM TRANSTORNO DO ESPECTRO AUTISTA (TEA)."
898;2024;"ELXK - EMENDA DERIVADA 40166/2024";"FUNDO ESTADUAL DE SAÚDE";"11464118000197 - FUNDO MUNICIPAL DE SAUDE - LAGOA DE ITAENGA";129600;"SOF  517/2024 - SES - NUGEP. NOTA TÉCNICA Nº 7/2024. EMENDA PARLAMENTAR Nº 898 REFERENTE A AQUISIÇÃO DE UM VEÍCULO PARA TFD."
940;2024;"EM67 - EMENDA DERIVADA 90025/2024";"FUNDO ESTADUAL DE SAÚDE";"10894988000133 - SOCIEDADE PERNAMBUCANA DE COMBATE AO CANCER";60000;"SOF 845/24 - NUGEP. NOTA TÉCNICA - SES - GERÊNCIA DA POLÍTICA DE ASSISTÊNCIA FARMACÊUTICA - Nº 54/2024. EMENDA PARLAMENTAR Nº 940 REFERENTE A AQUISIÇÃO DE MEDICAMENTOS."
946;2024;"ELKL - EMENDA DERIVADA 10056/2024";"FUNDO ESTADUAL DE SAÚDE";"10480777000154 - FUNDO MUNICIPAL DE SAUDE DE JATAUBA";240000;"SOF 715/24-NUGEP. PARECER TÉCNICO Nº 50 (60272304). EMENDA PARLAMENTAR Nº 946 REF. A CONSTRUÇÃO DE 1 (UMA) UNIDADE BÁSICA DE SAÚDE NO SÍTIO MIMOSO"
947;2024;"EM5D - EMENDA DERIVADA 80008/2024";"FUNDO ESTADUAL DE SAÚDE";"08960773000121 - FUNDO MUNICIPAL DE SAUDE DE SAO BENTO DO UNA";196000;"SOF 775/24-NUGEP. NOTA TÉCNICA - SES - SUPERINTENDÊNCIA - ORGANIZAÇÃO SOCIAL DE SAÚDE - (ANTIGA DGAIS_OSS) - Nº 222/2024. EMENDA PARLAMENTAR Nº 947 REFERENTE A AQUISIÇÃO DE EQUIPAMENTOS PARA O HOSPITAL MUNICIPAL DR. JOSE ANTONIO DE SIQUEIRA NETO"
949;2024;"EM2N - EMENDA DERIVADA 60032/2024";"FUNDO ESTADUAL DE SAÚDE";"10480777000154 - FUNDO MUNICIPAL DE SAUDE DE JATAUBA";200000;"SOF 810/24-NUGEP. PARECER TÉCNICO Nº 50 (60272304). EMENDA PARLAMENTAR Nº 949 REF. A CONSTRUÇÃO DE 1 (UMA) UNIDADE BÁSICA DE SAÚDE NO SÍTIO MIMOSO"
951;2024;"EM68 - EMENDA DERIVADA 90063/2024";"FUNDO ESTADUAL DE SAÚDE";"11293112000102 - FUNDO MUNICIPAL DE SAUDE DE TUPARETAMA";150000;"SOF Nº 840/2024 - NUGEP. NOTA TÉCNICA Nº 76/2024. EMENDA PARLAMENTAR Nº 951 OBJETIVANDO A AQUISIÇÃO DE MEDICAMENTOS PARA ASSISTÊNCIA FARMACÊUTICA DO MUNICÍPIO."
970;2024;"EM12 - EMENDA DERIVADA 50132/2024";"FUNDO ESTADUAL DE SAÚDE";"11683174000112 - ASS. PROT.MATERNIDADE E A INFANCIA DA VITORIA ST ANTAO";73050;"SOF 504/24 - NUGEP.  NOTA TÉCNICA - SES - SUPERINTENDÊNCIA GERAL DE ASSISTÊNCIA REGIONAL - Nº 33/2024 (51124190). EMENDA PARLAMENTAR Nº 970 OBJETIVANDO A AQUISIÇÃO DE EQUIPAMENTOS (APARELHOS DE AR - CONDICIONADO SPLIT 12.000 BTUS)"
1059;2024;"ELS8 - EMENDA DERIVADA 30084/2024";"FUNDO ESTADUAL DE SAÚDE";"11208059000196 - FUNDO MUNICIPAL DE SAUDE DE INGAZEIRA";60000;"SOF  522/2024 - SES - NUGEP. NOTA TÉCNICA - SES - GERÊNCIA DA POLÍTICA DE ASSISTÊNCIA FARMACÊUTICA - Nº 82/2024. EMENDA PARLAMENTAR Nº 1059 REFERENTE A AQUISIÇÃO DE MEDICAMENTOS."
1096;2024;"EM4X - EMENDA DERIVADA 70008/2024";"FUNDO ESTADUAL DE SAÚDE";"11866365000110 - CENTRO HOSPITALAR SANTA MARIA";93000;"SOF 841/2024 - SES- NUGEP. NOTA TÉCNICA 59545012. EMENDA PARLAMENTAR Nº 1096 REFERENTE A COMPRA DE BISTURI ELÉTRICO E CAMA FAWLER PARA EQUIPAGEM DO CENTRO HOSPITALAR SANTA MARIA"
1110;2024;"ELW6 - EMENDA DERIVADA 40025/2024";"FUNDO ESTADUAL DE SAÚDE";"08916501000124 - FUNDO MUNICIPAL DE SAUDE DE VITORIA DE SANTO ANTAO";181920;"SOF  561/2024 - NUGEP, NOTA TÉCNICA Nº 37/2024, EMENDA 1110, AQUISIÇÃO DE RAIO-X PARA ATENDER AS NECESSIDADES DE SAUDE DA POPULAÇÃO"
1132;2024;"ELWE - EMENDA DERIVADA 40090/2024";"FUNDO ESTADUAL DE SAÚDE";"11691937000177 - CENTRO DE CAPACITACAO E FORMACAO PUBLICA - CEFOP";299330;"SOF  630/2024 - NUGEP/SEAF. NOTA TÉCNICA  GESAM  Nº 124/2024. EMENDA PARLAMENTAR Nº 1132 REFERENTE AO PROJETO ""FELIZ IDADE"" QUE VISA FORMENTAR O CUIDADO COM A SAÚDE MENTAL DOS IDOSOS DO MUNICÍPIO DE RECIFE."
1138;2024;"ELYX - EMENDA DERIVADA 50128/2024";"FUNDO ESTADUAL DE SAÚDE";"08680752000152 - FUNDO MUNICIPAL DE SAUDE DE MARAIAL";294000;"SOF  685/2024 - NUGEP, N º EMENDA 1138, NOTA TÉCNICA 106, AQUISIÇÃO DE MEDICAMENTOS E INSUMOS DESTINADOS AOS ATENDIMENTOS DOS PACIENTES,"
1163;2024;"ELP4 - EMENDA DERIVADA 20093/2024";"FUNDO ESTADUAL DE SAÚDE";"10988301000129 - INSTITUTO MATERNO INFANTIL PROFESSOR FERNANDO FIGUEIRA - IMIP";200000;"SOF 239/24 - NUGEP. NOTA TÉCNICA - SES - GERÊNCIA DA POLÍTICA DE ASSISTÊNCIA FARMACÊUTICA - Nº 14/2024. EMENDA PARLAMENTAR Nº 1163 OBJETIVANDO A MELHORIA NA OFERTA DE ATENDIMENTO NOS SERVIÇOS HOSPITALARES E AMBULATORIAIS DO IMIP."
1166;2024;"EM3O - EMENDA DERIVADA 60045/2024";"FUNDO ESTADUAL DE SAÚDE";"07421280000150 - INSTITUTO DO FIGADO E TRANSPLANTE DE PERNAMBUCO - IFP";60000;"SOF  742/2024   NUGEP/SEAF. NOTA TÉCNICA Nº 108/2024. EMENDA PARLAMENTAR Nº 1166 REFERENTE A AQUISIÇÃO DE 02 EQUIPAMENTOS DE VÍDEOENDOSCOPIA E 01 EQUIPAMENTO DE PHMETRIA."
1200;2024;"ELT4 - EMENDA DERIVADA 30008/2024";"FUNDO ESTADUAL DE SAÚDE";"10572048002686 - SECRETARIA DE SAUDE";200000;"SOF - 495/2024 - NUGEP. NOTA TÉCNICA  SGAR  Nº 53/2024. EMENDA PARLAMENTAR Nº 1200 REFERENTE A AQUISIÇÃO DE EQUIPAMENTOS MÉDICO HOSPITALARES (SISTEMA DE DIGITALIZAÇÃO DE IMAGENS). EMPENHO GERADO SEM VALIDAÇÃO NO SIAFEM."
1212;2024;"ELVG - EMENDA DERIVADA 40011/2024";"FUNDO ESTADUAL DE SAÚDE";"24262537000198 - INSTITUTO MEMORIAL DO AGRESTE - IMA";105322.72;"SOF  587/2024 - SES - NUGEP. NOTA TÉCNICA - SES - DIRETORIA GERAL DE ASSISTÊNCIA INTEGRAL À SAÚDE - LINHAS DE CUIDADOS - Nº 124/2024. EMENDA PARLAMENTAR Nº 1212 REF. A AQUISIÇÃOD E EQUIPAMENTOS PARA O HOSPITAL MEMORIAL DE PERNAMBUCO - HMP."
1252;2024;"ELSH - EMENDA DERIVADA 30045/2024";"FUNDO ESTADUAL DE SAÚDE";"10349041000141 - MUNICIPIO DE TABIRA";100000;"SOF  714/2024  NUGEP. NOTA TÉCNICA  GEPAF Nº 119/2024. EMENDA PARLAMENTAR Nº 1252 REFERENTE A AQUISIÇÃO DE MEDICAMENTOS E INSUMOS."
1256;2024;"ELQ5 - EMENDA DERIVADA 20125/2024";"FUNDO ESTADUAL DE SAÚDE";"10635804000110 - FUNDO MUNICIPAL DE SAUDE DE JUCATI";400000;"SOF  700/2024 - NUGEP, NOTA TÉCNICA 111, Nº EMENDA 1256, AQUISIÇÃO DE MEDICAMENTOS E INSUMOS FARMACEUTICOS"
1258;2024;"ELXR - EMENDA DERIVADA 40097/2024";"FUNDO ESTADUAL DE SAÚDE";"02324776000192 - FUNDO MUNICIPAL DE SAUDE BELEM DE SAO FRANCISCO";100000;"SOF  545/2024 - NUGEP, Nº EMENDA 1258, NOTA TÉCNICA 122, AQUISIÇÃO DE MEDICAMENTOS E INSUMOS, VISANDO GARANTIR SERVIÇOS E PROCEDIMENTOS DE MEDIA E ALTA COMPLEXIDADE AMBULATORIAL HOSPITALAR"
1259;2024;"EM6Z - EMENDA DERIVADA 90043/2024";"FUNDO ESTADUAL DE SAÚDE";"07868234000102 - FUNDO MUNICIPAL DE SAUDE DE PAUDALHO";100000;"SOF  829/2024 - SES - NUGEP. NOTA TÉCNICA - SES - GERÊNCIA DA POLÍTICA DE ASSISTÊNCIA FARMACÊUTICA - Nº 1 (60971196). EMENDA PARLAMENTAR Nº 1259 REFERENTE A AQUISIÇÃO DE MEDICAMENTOS PARA AS UNIDADES DE SAÚDE DO MUNICÍPIO DE PAUDALHO."
1260;2024;"ELTT - EMENDA DERIVADA 40000/2024";"FUNDO ESTADUAL DE SAÚDE";"10583920001024 - HOSPITAL DO TRICENTENARIO";130900;"CONTRATO DE GESTÃO Nº 002/17. NOTA TÉCNICA 58505999. SOF  23/2024 - SES - DGMCG. EMENDA PARLAMENTAR Nº 1260 REFERENTE A AQUISIÇÃO DE AMBULÂNCIA PARA O HOSPITAL REGIONAL EMÍLIA CÂMARA."
1265;2024;"EM1B - EMENDA DERIVADA 50112/2024";"FUNDO ESTADUAL DE SAÚDE";"07868234000102 - FUNDO MUNICIPAL DE SAUDE DE PAUDALHO";165000;"SOF  675/2024 NUGEP. NOTA TÉCNICA  GPAF Nº 83/2024. EMENDA PARLAMENTAR Nº 1265 REFERENTE A AQUISIÇÃO DE MEDICAMNENTOS PARA AS UNIDADES DE SAÚDE DO MUNICÍPIO DE PAUDALHO."
1270;2024;"ELXV - EMENDA DERIVADA 40108/2024";"FUNDO ESTADUAL DE SAÚDE";"08720669000160 - INSTITUTO REVIVER BRASIL";179333.33;"SOF 529/24-NUGEP. NOTA TÉCNICA - SES - COORDENAÇÃO DE SAÚDE BUCAL - Nº 21/2024. EMENDA PARLAMENTAR Nº 1270 REFERENTE A AQUISIÇÃO DE UNIDADE MÓVEL ODONTOLÓGICA."
1279;2024;"ELTY - EMENDA DERIVADA 40063/2024";"FUNDO ESTADUAL DE SAÚDE";"11683174000112 - ASS. PROT.MATERNIDADE E A INFANCIA DA VITORIA ST ANTAO";299988;"SOF 520/24 - NUGEP. NOTA TÉCNICA 51667178. EMENDA PARLAMENTAR Nº 1279 OBJETIVANDO A AQUISIÇÃO DE MEDICAMENTOS E INSUMOS FARMACÊUTICOS."
1280;2024;"ELQ3 - EMENDA DERIVADA 20111/2024";"FUNDO ESTADUAL DE SAÚDE";"11293112000102 - FUNDO MUNICIPAL DE SAUDE DE TUPARETAMA";60000;"SOF - 460/2024 - NUGEP. NOTA TÉCNICA  DGAP Nº 64/2024. EMENDA PARLAMENTAR Nº 1280 OBJETIVANDO A AQUISIÇÃO DE EQUIPAMENTOS PARA UNIDADES BÁSICAS DE SAÚDE."
1286;2024;"ELT3 - EMENDA DERIVADA 30070/2024";"FUNDO ESTADUAL DE SAÚDE";"10488181000109 - FUNDO MUNICIPAL DE SAUDE DE PESQUEIRA";300000;"SOF 485/2024  NUGEP. NOTA TÉCNICA  GEPAF Nº 128/2024. EMENDA PARLAMENTAR Nº 1286 REFERENTE A OFERTA DE INSUMOS FARMACOLÓGICO PARA ATENDER AS DEMANDAS DA MÉDIA E ALTA COMPLEXIDADE AMBULATORIAL E HOSPITALAR DO MUNICIPIO DE PESQUEIRA-PE."
2023;2024;"EK3R - EMENDA PARLAMENTAR NO.555/2022";"UPE CAMPUS MATA NORTE";"35785276000107 - LUCIANO SERGIO GUIMARAES DE SA BARRETO";99684.9;"REF. AQUISIÇÃO DE POLTRONAS E CADEIRAS LONGARINAS E GIRATÓRIAS CMN - RECURSOS DE EMENDA PARLAMENTAR."
20162;2024;"ELLY - EMENDA DERIVADA 20162/2024";"SECRETARIA ESPECIAL DA MULHER";"07012306000107 - INSTITUTO DE DESENVOLVIMENTO SOCIAL-IDS";123050;"EMPENHO DESTINA-SE ATENDER A EMENDA PARLAMENTAR Nº 20162/2024, SEI Nº 4400000060.000440/2024-40,"
90009;2024;"EM85 - EMENDA DERIVADA 90009/2024";"SECRETARIA ESPECIAL DA MULHER";"11461121000157 - GREMIO RECREATIVO BOI ESTRELA";70000;"EMPENHO DESTINA-SE ATENDER A EMENDA PARLAMENTAR Nº 90009/2024. SEI Nº 4400000060.001055/2024-10"
2300000029;2024;"EJUB - EMENDA PARLAMENTAR NO.215/2022";"HOSPITAL GETULIO VARGAS";"10779833000156 - MEDICAL MERCANTIL DE APARELHAGEM MEDICA LTDA";27466.2;"SEI REF. A ADESÃO 2300001068.000105/2023-10, SEI DA EMENDA 2300000029.001593/2023-86."
14;2025;"ELQZ - EMENDA DERIVADA 30066/2024";"FUNDO ESTADUAL DE SAÚDE";"11334929000173 - FUNDO MUNICIPAL DE SAUDE DA GAMELEIRA";686000;"SOF  671/2024 - SES - NUGEP. NOTA TÉCNICA - SES - GERÊNCIA DA POLÍTICA DE ASSISTÊNCIA FARMACÊUTICA - Nº 113/2024. EMENDA PARLAMENTAR Nº 14 REFERENTE A AQUISIÇÃO DE MEDICAMENTOS E INSUMOS."
076;2025;"ELI3 - EMENDA PARLAMENTAR NO 233 - 2";"HOSPITAL UNIVERSITÁRIO OSWALDO CRUZ";"08958628000106 - ONCOEXO DISTRIBUIDORA DE MEDICAMENTOS LTDA";99960;"ATENDER 2498/2024 (60193589) REF. A CI Nº. 677/2024 ABAST FARMACÊUTICO (60169292), PL Nº. 1648.2024.CPL.HUOC.PE.0025.HUOC	, AQUISIÇÃO DE INSUMOS. EMENDA PARLAMENTAR 076.ELI3.0500710000."
0076;2025;"ELI8 - EMENDA PARLAMENTAR NO 501 - 2";"HOSPITAL UNIVERSITÁRIO OSWALDO CRUZ";"66783630000279 - PRO-LIFE EQUIPAMENTOS MEDICOS LTDA";54000;"ATENDER DESPACHO 2523/2024 (60218859), 3333.2024.CCD.IN.0016.HUOC, DFD 59612791, CENTRAL DE MONITORACAO FISIOLOGICA MULTIPARAMETROS. EMENDA PARLAMENTAR 0076.ELI8.0500710000."
91;2025;"EM26 - EMENDA DERIVADA 50044/2024";"FUNDO ESTADUAL DE SAÚDE";"09471844000195 - FUNDO MUNICIPAL DE SAUDE DE JAQUEIRA";244999.8;"SOF  679/2024 - SES - NUGEP. NOTA TÉCNICA - SES - DIRETORIA GERAL DE ATENÇÃO PRIMÁRIA - (ANTIGA SAP) - Nº 80/2024. EMENDA Nº 91 REFERENTE A AQUISIÇÃO DE EQUIPAMENTOS PARA ATENÇÃO PRIMÁRIA"
93;2025;"ELX0 - EMENDA DERIVADA 40055/2024";"FUNDO ESTADUAL DE SAÚDE";"08720669000160 - INSTITUTO REVIVER BRASIL";300000;"SOF 528/24-NUGEP. NOTA TÉCNICA - SES - COORDENAÇÃO DE SAÚDE BUCAL - Nº 21/2024. EMENDA PARLAMENTAR Nº 93 REFERENTE A AQUISIÇÃO DE UNIDADE MÓVEL ODONTOLÓGICA."
163;2025;"ELWJ - EMENDA DERIVADA 40004/2024";"FUNDO ESTADUAL DE SAÚDE";"07421280000150 - INSTITUTO DO FIGADO E TRANSPLANTE DE PERNAMBUCO - IFP";120000;"SOF  583/2024   NUGEP/SEAF. NOTA TÉCNICA Nº 108/2024. EMENDA PARLAMENTAR Nº 163 REFERENTE A AQUISIÇÃO DE 02 EQUIPAMENTOS DE VÍDEOENDOSCOPIA E 01 EQUIPAMENTO DE PHMETRIA."
169;2025;"EN59 - EMENDA DERIVADA 10047/2025";"FUNDO ESTADUAL DE SAÚDE";"09099349000105 - FUNDO MUNICIPAL DE SAUDE DE JUPI";250000;"SOF 461/25 - NUGEP. NOTA TÉCNICA - SES - GERÊNCIA DA POLÍTICA DE ASSISTÊNCIA FARMACÊUTICA - Nº 80/2025. EMENDA PARLAMENTAR Nº 169 REFERENTE A AQUISIÇÃO DE  MEDICAMENTOS E INSUMOS"
184;2025;"ELLQ - EMENDA DERIVADA 20041/2024";"FUNDO ESTADUAL DE SAÚDE";"24262537000198 - INSTITUTO MEMORIAL DO AGRESTE - IMA";100000;"SOF 376/24 - NUGEP. NOTA TÉCNICA - SES - GERÊNCIA DA POLÍTICA DE ASSISTÊNCIA FARMACÊUTICA - Nº 35/2024. EMENDA PARLAMENTAR Nº 184 REFERENTE A AQUISIÇÃO DE MATERIAIS MÉDICO/HOSPITALARES PARA O HOSPITAL MEMORIAL DE PERNAMBUCO."
357;2025;"ELR8 - EMENDA DERIVADA 30009/2024";"FUNDO ESTADUAL DE SAÚDE";"08187800000175 - INSTITUTO SOS MAO CRIANCA - ISMC";50000;"SOF  548/2024 - SES - NUGEP. NOTA TÉCNICA Nº 480/2024. EMENDA PARLAMENTAR Nº 357 REFERENTE A AQUISIÇÃO DE EQUIPAMENTOS QUE SERÃO UTILIZADOS NOS ATENDIMENTOS CIRÚRGICOS."
361;2025;"EKCG - EMENDA DERIVADA 4043/2023";"FUNDO ESTADUAL DE SAÚDE";"11292383000135 - FUNDO MUNICIPAL DE SAUDE DE SOLIDAO";200000;"2300000029.004051/2023-65. OFÍCIO SNº/2023 (40929733). SOF  254/2023 - SES - NUGEP. EMENDA PARLAMENTAR Nº 361/23 OBJETIVANDO A AQUISIÇÃO DE AMBULÂNCIAS PARA ATENDER A DEMANDAS DE ATENDIMENTO A SAÚDE NO MUNICÍPIO"
410;2025;"ELIL - EMENDA DERIVADA 10023/2024";"FUNDO ESTADUAL DE SAÚDE";"10894988000133 - SOCIEDADE PERNAMBUCANA DE COMBATE AO CANCER";50000;"SOF 82/2024 - SES - NUGEP. NOTA TÉCNICA - SES - GERÊNCIA JURÍDICA DE CONVÊNIO, PARCERIAS E CONTRATOS DE GESTÃO - Nº 373/2024. EMENDA PARLAMENTAR Nº 410 OBJETIVANDO A AQUISIÇÃO DE UNSUMOS GERAIS, INSUMOS HOSPITALARES E MEDICAMENTOS."
439;2025;"EJOM - EMENDA DERIVADA 9043/2022";"FUNDO ESTADUAL DE SAÚDE";"35667229000169 - FUNDO MUNICIPAL DE SAUDE DE QUIXABA";0;"2300000029.003874/2022-92. OFÍCIO GP N° 087/2022. SOF  231/2022 - SES - NUGEP. EMENDA PARLAMENTAR Nº 439/22 OBJETIVANDO A AQUISIÇÃO DE VEÍCULO TIPO AMBULÂNCIA PARA TRANSPORTE DE PACIENTES DO MUNICÍPIO DE QUIXABÁ/PE."
473;2025;"ELTE - EMENDA DERIVADA 40050/2024";"FUNDO ESTADUAL DE SAÚDE";"11754025000105 - ASSOC DE PROT A MATERNIDADE E A INFANCIA DE SURUBIM";196333.33;"SOF 557/24-NUGEP. NOTA TÉCNICA - SES - DIRETORIA GERAL DE ASSISTÊNCIA INTEGRAL À SAÚDE - LINHAS DE CUIDADOS - Nº 127/2024. EMENDA PARLAMENTAR Nº 473 REFERENTE A AQUISIÇÃO APARELHO DE ULTRASSOM."
487;2025;"ELPE - EMENDA DERIVADA 20092/2024";"FUNDO ESTADUAL DE SAÚDE";"10894988000133 - SOCIEDADE PERNAMBUCANA DE COMBATE AO CANCER";90000;"SOF 747/2024 - SES - NUGEP. NOTA TÉCNICA - SES - GERÊNCIA JURÍDICA DE CONVÊNIO, PARCERIAS E CONTRATOS DE GESTÃO - Nº 373/2024. EMENDA PARLAMENTAR Nº 487 OBJETIVANDO A AQUISIÇÃO DE UNSUMOS GERAIS, INSUMOS HOSPITALARES E MEDICAMENTOS."
521;2025;"ELIO - EMENDA DERIVADA 10027/2024";"FUNDO ESTADUAL DE SAÚDE";"19796243000106 - ONG - MOVIMENTO COMUNITARIO - MC PROJETO SAUDE PARA TODOS";400000;"SOF  99/2024 - SES  - NUGEP. NOTA TÉCNICA 46874588. EMENDA PARLAMENTAR Nº 521 OBJETIVANDO REALIZAR CONSULTAS OFTALMOLÓGICAS E OBTER DIAGNÓSTICOS (PROJETO SAÚDE NOS OLHOS, PRIORIDADE SEMPRE XIV !)"
688;2025;"ELR4 - EMENDA DERIVADA 30005/2024";"FUNDO ESTADUAL DE SAÚDE";"10298546000124 - FUNDO MUNICIPAL DE SAUDE DE CUSTODIA";230000;"SOF  695/2024 - NUGEP, NOTA TÉCNICA 108, Nº EMENDA 688, AQUISIÇÃO DE MEDICAMENTOS PARA ASSISTENCIA FARMACEUTICA DO MUNICIPIO. GARANTINDO ASSISTENCIAL INTEGRAL"
709;2025;"ELQ7 - EMENDA DERIVADA 20095/2024";"FUNDO ESTADUAL DE SAÚDE";"07621798000138 - INSTITUTO OFTALMOLOGICO CARLOS CARVALHO";50000;"SOF 766/24-NUGEP. NOTA TÉCNICA - SES - DIRETORIA GERAL DE ASSISTÊNCIA INTEGRAL À SAÚDE - LINHAS DE CUIDADOS - Nº 152/2024. EMENDA PARLAMENTAR Nº 709 REFERENTE AO PROJETO ""ENXERGAR: RESTAURAR A VISÃO E  A QUALIDADE DE VIDA""."
722;2025;"EM6G - EMENDA DERIVADA 90044/2024";"FUNDO ESTADUAL DE SAÚDE";"11683042000190 - UNIAO BENEFICENTE DOS TRABALHADORES DO MORENO";50000;"SOF Nº 843/24- NUGEP. NOTA TÉCNICA-SES-SUPERINTENDÊNCIA DE ACOMPANHAMENTO DE METAS DA ASSISTÊNCIA FARMACÊUTICA - Nº 36/2024. EMENDA PARLAMENTAR Nº 722 REFERENTE AO CUSTEIO DE COMPRESSAS DE GAZE E COMPRESSAS CIRÚRGICAS PARA O HOSPITAL ARMINDO MOURA."
730;2025;"ELJ7 - EMENDA DERIVADA 10017/2024";"FUNDO ESTADUAL DE SAÚDE";"10477153000188 - FUNDO MUNICIPAL DE SAUDE DE LAGOA DO OURO";272000;"SOF 480/2024 NUGEP/SEAF. NOTA TÉCNICA Nº 99/2024/DGAIS/GUE. EMENDA PARLAMENTAR Nº 730 OBJETIVANDO A AQUISIÇÃO DE DUAS AMBULÂNCIAS PARA TRANSPORTAR PACIENTES DO MUNICÍPIO DE LAGOA DO OURO."
731;2025;"ELJD - EMENDA DERIVADA 10074/2024";"FUNDO ESTADUAL DE SAÚDE";"11209728000144 - FUNDO MUNICIPAL DE SAUDE DE IATI";272000;"SOF  279/2024 - SES - NUGEP. NOTA TÉCNICA Nº 59/2024 (48782049). EMENDA PARLAMENTAR Nº 731 REFERENTE A AQUISIÇÃO DE DUAS AMBULÂNCIAS."
847;2025;"EM1E - EMENDA DERIVADA 50130/2024";"FUNDO ESTADUAL DE SAÚDE";"35673300000116 - LIGA NORDESTINA DE ASSITENCIA EDUCACAO E SAUDE";99999.6;"SOF 78/24-NUGEP. NOTA TÉCNICA - SES - GERÊNCIA DA POLÍTICA DE ASSISTÊNCIA FARMACÊUTICA - Nº 136/2024. EMENDA PARLAMENTAR Nº 847 REFERENTE A AQUISIÇÃO DE MEDICAMENTOS E INSUMOS FARMACÊUTICOS"
898;2025;"ELXK - EMENDA DERIVADA 40166/2024";"FUNDO ESTADUAL DE SAÚDE";"11464118000197 - FUNDO MUNICIPAL DE SAUDE - LAGOA DE ITAENGA";129600;"SOF  517/2024 - SES - NUGEP. NOTA TÉCNICA Nº 7/2024. EMENDA PARLAMENTAR Nº 898 REFERENTE A AQUISIÇÃO DE UM VEÍCULO PARA TFD."
940;2025;"EM67 - EMENDA DERIVADA 90025/2024";"FUNDO ESTADUAL DE SAÚDE";"10894988000133 - SOCIEDADE PERNAMBUCANA DE COMBATE AO CANCER";60000;"SOF 845/24 - NUGEP. NOTA TÉCNICA - SES - GERÊNCIA DA POLÍTICA DE ASSISTÊNCIA FARMACÊUTICA - Nº 54/2024. EMENDA PARLAMENTAR Nº 940 REFERENTE A AQUISIÇÃO DE MEDICAMENTOS."
947;2025;"EM5D - EMENDA DERIVADA 80008/2024";"FUNDO ESTADUAL DE SAÚDE";"08960773000121 - FUNDO MUNICIPAL DE SAUDE DE SAO BENTO DO UNA";196000;"SOF 775/24-NUGEP. NOTA TÉCNICA - SES - SUPERINTENDÊNCIA - ORGANIZAÇÃO SOCIAL DE SAÚDE - (ANTIGA DGAIS_OSS) - Nº 222/2024. EMENDA PARLAMENTAR Nº 947 REFERENTE A AQUISIÇÃO DE EQUIPAMENTOS PARA O HOSPITAL MUNICIPAL DR. JOSE ANTONIO DE SIQUEIRA NETO"
949;2025;"EM2N - EMENDA DERIVADA 60032/2024";"FUNDO ESTADUAL DE SAÚDE";"10480777000154 - FUNDO MUNICIPAL DE SAUDE DE JATAUBA";200000;"SOF 810/24-NUGEP. PARECER TÉCNICO Nº 50 (60272304). EMENDA PARLAMENTAR Nº 949 REF. A CONSTRUÇÃO DE 1 (UMA) UNIDADE BÁSICA DE SAÚDE NO SÍTIO MIMOSO"
951;2025;"EM68 - EMENDA DERIVADA 90063/2024";"FUNDO ESTADUAL DE SAÚDE";"11293112000102 - FUNDO MUNICIPAL DE SAUDE DE TUPARETAMA";150000;"SOF Nº 840/2024 - NUGEP. NOTA TÉCNICA Nº 76/2024. EMENDA PARLAMENTAR Nº 951 OBJETIVANDO A AQUISIÇÃO DE MEDICAMENTOS PARA ASSISTÊNCIA FARMACÊUTICA DO MUNICÍPIO."
970;2025;"EM12 - EMENDA DERIVADA 50132/2024";"FUNDO ESTADUAL DE SAÚDE";"11683174000112 - ASS. PROT.MATERNIDADE E A INFANCIA DA VITORIA ST ANTAO";73050;"SOF 504/24 - NUGEP.  NOTA TÉCNICA - SES - SUPERINTENDÊNCIA GERAL DE ASSISTÊNCIA REGIONAL - Nº 33/2024 (51124190). EMENDA PARLAMENTAR Nº 970 OBJETIVANDO A AQUISIÇÃO DE EQUIPAMENTOS (APARELHOS DE AR - CONDICIONADO SPLIT 12.000 BTUS)"
1059;2025;"ELS8 - EMENDA DERIVADA 30084/2024";"FUNDO ESTADUAL DE SAÚDE";"11208059000196 - FUNDO MUNICIPAL DE SAUDE DE INGAZEIRA";60000;"SOF  522/2024 - SES - NUGEP. NOTA TÉCNICA - SES - GERÊNCIA DA POLÍTICA DE ASSISTÊNCIA FARMACÊUTICA - Nº 82/2024. EMENDA PARLAMENTAR Nº 1059 REFERENTE A AQUISIÇÃO DE MEDICAMENTOS."
1096;2025;"EM4X - EMENDA DERIVADA 70008/2024";"FUNDO ESTADUAL DE SAÚDE";"11866365000110 - CENTRO HOSPITALAR SANTA MARIA";93000;"SOF 841/2024 - SES- NUGEP. NOTA TÉCNICA 59545012. EMENDA PARLAMENTAR Nº 1096 REFERENTE A COMPRA DE BISTURI ELÉTRICO E CAMA FAWLER PARA EQUIPAGEM DO CENTRO HOSPITALAR SANTA MARIA"
1132;2025;"ELWE - EMENDA DERIVADA 40090/2024";"FUNDO ESTADUAL DE SAÚDE";"11691937000177 - CENTRO DE CAPACITACAO E FORMACAO PUBLICA - CEFOP";299330;"SOF  630/2024 - NUGEP/SEAF. NOTA TÉCNICA  GESAM  Nº 124/2024. EMENDA PARLAMENTAR Nº 1132 REFERENTE AO PROJETO ""FELIZ IDADE"" QUE VISA FORMENTAR O CUIDADO COM A SAÚDE MENTAL DOS IDOSOS DO MUNICÍPIO DE RECIFE."
1166;2025;"EM3O - EMENDA DERIVADA 60045/2024";"FUNDO ESTADUAL DE SAÚDE";"07421280000150 - INSTITUTO DO FIGADO E TRANSPLANTE DE PERNAMBUCO - IFP";60000;"SOF  742/2024   NUGEP/SEAF. NOTA TÉCNICA Nº 108/2024. EMENDA PARLAMENTAR Nº 1166 REFERENTE A AQUISIÇÃO DE 02 EQUIPAMENTOS DE VÍDEOENDOSCOPIA E 01 EQUIPAMENTO DE PHMETRIA."
1184;2025;"ELDZ - EMENDA PARLAMENTAR NO.1184/2023";"FUNDO ESTADUAL DE SAÚDE";"11168783000133 - FUNDO MUNICIPAL DE SAUDE - CABO DE SANTO AGOSTINHO";1000000;"SOF  515/2024 - SES - NUGEP. NOTA TÉCNICA Nº 133/2024/DGAIS/GUE. EMENDA PARLAMENTAR Nº 1184 REFERENTE A AQUISIÇÃO DE DUAS AMBULÂNCIAS."
1185;2025;"ELE0 - EMENDA PARLAMENTAR NO.1185/2023";"FUNDO ESTADUAL DE SAÚDE";"12257765000190 - FUNDO MUNICIPAL DE SAUDE DE SAO LOURENCO DA MATA";500000;"SOF  359/2024 - NUGEP, NOTA TÉCNICA 72, Nº EMENDA 1185, AQUISIÇÃO DE 02 AMBULANCIAS PARA SUPRIR AS DEMANDAS DO MUNICÍPIO"
1206;2025;"ELEL - EMENDA PARLAMENTAR NO.1206/2023";"FUNDO ESTADUAL DE SAÚDE";"10395676000185 - FUNDO MUNICIPAL DE SAUDE - RIBEIRAO";100000;"SOF 471//24-NUGEP. NOTA TÉCNICA Nº 93/2024/DGAIS/GUE. EMENDA PARLAMENTAR Nº 1206 REFERENTE A AQUISIÇÃO DE AMBULÂNCIA"
1212;2025;"ELVG - EMENDA DERIVADA 40011/2024";"FUNDO ESTADUAL DE SAÚDE";"24262537000198 - INSTITUTO MEMORIAL DO AGRESTE - IMA";105322.72;"SOF  587/2024 - SES - NUGEP. NOTA TÉCNICA - SES - DIRETORIA GERAL DE ASSISTÊNCIA INTEGRAL À SAÚDE - LINHAS DE CUIDADOS - Nº 124/2024. EMENDA PARLAMENTAR Nº 1212 REF. A AQUISIÇÃOD E EQUIPAMENTOS PARA O HOSPITAL MEMORIAL DE PERNAMBUCO - HMP."
1215;2025;"EOVA - EMENDA PARLAMENTAR NO.1215/2025";"FUNDO ESTADUAL DE SAÚDE";"10785318000189 - FUNDO MUNICIPAL DE SAUDE DE SAO BENEDITO DO SUL";300000;"SOF 379/2026 - NUGEP/SFEP, Nº EMENDA 1215, PROJETO PARA AQUISIÇÃO DE 02 VEÍCULOS DO TIPO AMBULÂNCIA"
1227;2025;"ELF6 - EMENDA PARLAMENTAR NO.1227/2023";"FUNDO ESTADUAL DE SAÚDE";"11754025000105 - ASSOC DE PROT A MATERNIDADE E A INFANCIA DE SURUBIM";100000;"SOF  448/2024 - SES - NUGEP. NOTA TÉCNICA 51931469. EMENDA PARLAMENTAR Nº 1227 OBJETIVANDO A AQUISIÇÃO DE INSUMOS E MEDICAMENTOS FARMACÊUTICOS PARA A UNIDADE DE SAÚDE HOSPITAL SÃO LUIZ"
1230;2025;"ELF9 - EMENDA PARLAMENTAR NO.1230/2023";"FUNDO ESTADUAL DE SAÚDE";"10894988000133 - SOCIEDADE PERNAMBUCANA DE COMBATE AO CANCER";50000;"SOF 94/2024 - SES - NUGEP. NOTA TÉCNICA - SES - GERÊNCIA JURÍDICA DE CONVÊNIO, PARCERIAS E CONTRATOS DE GESTÃO - Nº 373/2024. EMENDA PARLAMENTAR Nº 1230 OBJETIVANDO A AQUISIÇÃO DE UNSUMOS GERAIS, INSUMOS HOSPITALARES E MEDICAMENTOS."
1232;2025;"ELFB - EMENDA PARLAMENTAR NO.1232/2023";"FUNDO ESTADUAL DE SAÚDE";"10480777000154 - FUNDO MUNICIPAL DE SAUDE DE JATAUBA";285709.2;"SOF  322/2024  NUGEP. NOTA TÉCNICA  SES GEPAF Nº 29/2024. EMENDA PARLAMENTAR Nº 1232 REFERENTE A AQUISIÇÃO DE MEDICAMENTOS."
1252;2025;"ELSH - EMENDA DERIVADA 30045/2024";"FUNDO ESTADUAL DE SAÚDE";"10349041000141 - MUNICIPIO DE TABIRA";100000;"SOF  714/2024  NUGEP. NOTA TÉCNICA  GEPAF Nº 119/2024. EMENDA PARLAMENTAR Nº 1252 REFERENTE A AQUISIÇÃO DE MEDICAMENTOS E INSUMOS."
1256;2025;"ELQ5 - EMENDA DERIVADA 20125/2024";"FUNDO ESTADUAL DE SAÚDE";"10635804000110 - FUNDO MUNICIPAL DE SAUDE DE JUCATI";400000;"SOF  700/2024 - NUGEP, NOTA TÉCNICA 111, Nº EMENDA 1256, AQUISIÇÃO DE MEDICAMENTOS E INSUMOS FARMACEUTICOS"
1258;2025;"ELXR - EMENDA DERIVADA 40097/2024";"FUNDO ESTADUAL DE SAÚDE";"02324776000192 - FUNDO MUNICIPAL DE SAUDE BELEM DE SAO FRANCISCO";100000;"SOF  545/2024 - NUGEP, Nº EMENDA 1258, NOTA TÉCNICA 122, AQUISIÇÃO DE MEDICAMENTOS E INSUMOS, VISANDO GARANTIR SERVIÇOS E PROCEDIMENTOS DE MEDIA E ALTA COMPLEXIDADE AMBULATORIAL HOSPITALAR"
1259;2025;"EM6Z - EMENDA DERIVADA 90043/2024";"FUNDO ESTADUAL DE SAÚDE";"07868234000102 - FUNDO MUNICIPAL DE SAUDE DE PAUDALHO";100000;"SOF  829/2024 - SES - NUGEP. NOTA TÉCNICA - SES - GERÊNCIA DA POLÍTICA DE ASSISTÊNCIA FARMACÊUTICA - Nº 1 (60971196). EMENDA PARLAMENTAR Nº 1259 REFERENTE A AQUISIÇÃO DE MEDICAMENTOS PARA AS UNIDADES DE SAÚDE DO MUNICÍPIO DE PAUDALHO."
1270;2025;"ELXV - EMENDA DERIVADA 40108/2024";"FUNDO ESTADUAL DE SAÚDE";"08720669000160 - INSTITUTO REVIVER BRASIL";179333.33;"SOF 529/24-NUGEP. NOTA TÉCNICA - SES - COORDENAÇÃO DE SAÚDE BUCAL - Nº 21/2024. EMENDA PARLAMENTAR Nº 1270 REFERENTE A AQUISIÇÃO DE UNIDADE MÓVEL ODONTOLÓGICA."
1271;2025;"EOWT - EMENDA PARLAMENTAR NO.1271/2025";"FUNDO ESTADUAL DE SAÚDE";"09188937000107 - FUNDO MUNICIPAL DE SAUDE DE TACARATU";500000;"SOF 118/2026 - NUGEP/SFEP, Nº EMENDA 1271, AQUISIÇÃO DE EQUIPAMENTOS MÉDICO-ASSISTENCIAIS, ODONTOLÓGICOS E MATERIAIS PERMANENTES ESSENCIAIS PARA ESTRUTURAÇÃO DAS UNIDADES BÁSICAS DE SAÚDE DO MUNICÍPIO DE TACARATU-PE"
1290;2025;"ELGX - EMENDA PARLAMENTAR NO.1290/2023";"SECRETARIA ESPECIAL DA MULHER";"43326670000105 - INSTITUTO REDE ARTE EMPREENDEDORA CULTURAL DE CARPINA /PE- IRAECC";70000;"EMPENHO DESTINA-SE ATENDER A RECEBIMENTO DE EMENDA PARLAMENTAR Nº 1290, SEI 4400000060.000806/2024-81"
1311;2025;"ELHI - EMENDA PARLAMENTAR NO.1311/2023";"FUNDO ESTADUAL DE SAÚDE";"10894988000133 - SOCIEDADE PERNAMBUCANA DE COMBATE AO CANCER";50000;"SOF 96/2024 - SES - NUGEP. NOTA TÉCNICA - SES - GERÊNCIA JURÍDICA DE CONVÊNIO, PARCERIAS E CONTRATOS DE GESTÃO - Nº 373/2024. EMENDA PARLAMENTAR Nº 1311 OBJETIVANDO A AQUISIÇÃO DE UNSUMOS GERAIS, INSUMOS HOSPITALARES E MEDICAMENTOS."
1313;2025;"ELHK - EMENDA PARLAMENTAR NO.1313/2023";"FUNDO ESTADUAL DE SAÚDE";"07621798000138 - INSTITUTO OFTALMOLOGICO CARLOS CARVALHO";173050;"SOF 244/24-NUGEP. NOTA TÉCNICA - SES - DIRETORIA GERAL DE ASSISTÊNCIA INTEGRAL À SAÚDE - LINHAS DE CUIDADOS - Nº 152/2024. EMENDA PARLAMENTAR Nº 1313 REFERENTE AO PROJETO ""ENXERGAR: RESTAURAR A VISÃO E  A QUALIDADE DE VIDA""."
1349;2025;"EOYY - EMENDA PARLAMENTAR NO.1349/2025";"FUNDO ESTADUAL DE SAÚDE";"10395676000185 - FUNDO MUNICIPAL DE SAUDE - RIBEIRAO";142002;"SOF 157/2026 - NUGEP/SFEP, Nº EMENDA 1349, AQUISIÇÃO DE UMA AMBULANCIA PARA ATENDER AS NECESSIDADES DO MUNICIPIO"
1415;2025;"EP0S - EMENDA PARLAMENTAR NO.1415/2025";"FUNDO ESTADUAL DE SAÚDE";"09216627000159 - FUNDO MUNICIPAL DE SAUDE";150000;"SOF 90/2026 - NUGEP/SFEP,  Nº EMENDA 1415, AQUISIÇÃO DE 01 AMBULÂNCIA PARA ATENDER A POPULAÇÃO DO MUNICIPIO DE SANTA MARIA DA BOA VISTA-PE."
1429;2025;"EP16 - EMENDA PARLAMENTAR NO.1429/2025";"FUNDO ESTADUAL DE SAÚDE";"10685971000176 - FUNDO MUNICIPAL DE SAUDE DE SERRA TALHADA";150000;"SOF 78/26-NUGEP/SEAF Nº EMENDA 1429, AQUISIÇÃO DE 01 AMBULANCIA OBJETIVANDO OFERTAR UM MELHOR ATENDIMENTO A POPULAÇÃO DO MUNICIPIO DE SERRA TALHADA"
10132;2025;"EN8B - EMENDA DERIVADA 20004/2025";"FUNDO ESTADUAL DE SAÚDE";"10395676000185 - FUNDO MUNICIPAL DE SAUDE - RIBEIRAO";300000;"SOF 288/25 - NUGEP. NOTA TÉCNICA - SES - GERÊNCIA DA POLÍTICA DE ASSISTÊNCIA FARMACÊUTICA - Nº 43/2025. EMENDA PARLAMENTAR Nº 10132 REFERENTE A AQUISIÇÃO DE MEDICAMENTOS PARA USO E MELHORIA DA ASSISTÊNCIA EM SAÚDE DO MUNICÍPIO DE RIBEIRÃO-PE."
